site,label_site,wildtype,mutation,condition,protein_chain,protein_site,mut_frequency,mut_average_interact,mut_min_interact,mut_max_interact,mut_deviation,file_max_interact,file_min_interact,site_average_interact,site_min_interact,site_max_interact,site_deviation,site_average_WT,site_average_mut,site_average_delta
405,D405,D,D,-,B,405,0.880829016,-403.451914,-7794.92105,1170.3326,1017.899723,7E8F,8CXN,-378.5784499,-7794.92105,1170.3326,1004.475717,-403.451914,0,403.451914
405,D405,D,N,-,B,405,0.013323464,0,0,0,0,7YR1,7YR1,-378.5784499,-7794.92105,1170.3326,1004.475717,-403.451914,0,403.451914
408,R408,R,R,-,B,408,0.880829016,-789.3400987,-12819.88958,2589.7765,1930.757683,7E5Y,7VYR,-695.3380186,-12819.88958,2589.7765,1829.998537,-789.3400987,0,789.3400987
408,R408,R,S,-,B,408,0.017764619,0,0,0,0,7N9B,7N9B,-695.3380186,-12819.88958,2589.7765,1829.998537,-789.3400987,0,789.3400987
417,K417,K,K,-,B,417,0.772020725,-882.6037532,-9774.19725,3070.4891,2087.8895,7X8Z,7KFY,-736.5830547,-9774.19725,3070.4891,1882.826469,-882.6037532,-376.7007344,505.9030188
417,K417,K,N,-,B,417,0.119911177,-376.7007344,-3306.954275,183.153,832.5820998,7FJO,7XST,-736.5830547,-9774.19725,3070.4891,1882.826469,-882.6037532,-376.7007344,505.9030188
417,K417,K,T,-,B,417,0.001480385,-2740.00425,-2858.9897,-2621.0188,118.98545,7NXB,7NX8,-736.5830547,-9774.19725,3070.4891,1882.826469,-882.6037532,-376.7007344,505.9030188
440,N440,N,N,-,B,440,0.8203415,-467.478619,-14661.261,1961.6512,1465.875181,7MY3,7DET,-453.4822077,-14661.261,1961.6512,1442.027754,-467.478619,-744.4446461,-276.9660271
440,N440,N,K,-,B,440,0.077208612,-744.4446461,-11756.07388,0,1886.778095,7WOU,7UPL,-453.4822077,-14661.261,1961.6512,1442.027754,-467.478619,-744.4446461,-276.9660271
446,G446,G,G,-,B,446,0.820179007,-438.5322509,-4766.9712,890.49885,948.6866642,7RU5,7K8W,-451.5243604,-6366.81268,890.49885,1019.005393,-438.5322509,-620.1595814,-181.6273305
446,G446,G,S,-,B,446,0.082180635,-620.1595814,-4052.55715,276.38,1209.827752,7WPE,7WRV,-451.5243604,-6366.81268,890.49885,1019.005393,-438.5322509,-620.1595814,-181.6273305
452,L452,L,L,-,B,452,0.907063197,-517.64617,-8070.528592,1820.2244,983.3250083,8DCE,7R4R,-498.5390402,-8070.528592,1820.2244,976.6448567,-517.64617,-839.0467309,-321.4005609
452,L452,L,R,-,B,452,0.027509294,-839.0467309,-5501.376663,0,1210.839026,7SOB,7X7U,-498.5390402,-8070.528592,1820.2244,976.6448567,-517.64617,-839.0467309,-321.4005609
484,E484,E,E,-,B,484,0.757818765,-2407.957306,-12923.14955,730.60125,3429.978701,7X92,7Q3Q,-1909.164756,-12923.14955,3577.81725,3180.125082,-2407.957306,-164.1359739,2243.821332
484,E484,E,A,-,B,484,0.079390537,-52.69324981,-1383.72501,366.11425,181.1004304,7TCC,7WOS,-1909.164756,-12923.14955,3577.81725,3180.125082,-2407.957306,-164.1359739,2243.821332
484,E484,E,K,-,B,484,0.048115477,-439.7146718,-10322.57802,3577.81725,1931.271166,7ZFC,7PS4,-1909.164756,-12923.14955,3577.81725,3180.125082,-2407.957306,-164.1359739,2243.821332
484,E484,E,Q,-,B,484,0.003207698,0,0,0,0,7SOB,7SOB,-1909.164756,-12923.14955,3577.81725,3180.125082,-2407.957306,-164.1359739,2243.821332
486,F486,F,F,-,B,486,0.887380192,-3068.747553,-15727.37135,713.01295,3930.319565,7DK4,7PS6,-2828.892385,-15727.37135,713.01295,3820.895452,-3068.747553,-255.65505,2813.092503
486,F486,F,V,-,B,486,0.002396166,-255.65505,-439.29515,0,186.4308129,7WPE,7WPE,-2828.892385,-15727.37135,713.01295,3820.895452,-3068.747553,-255.65505,2813.092503
490,F490,F,F,-,B,490,0.893617021,-1435.961914,-10348.89935,654.646345,2253.45505,7MW4,7LDJ,-1316.021959,-10348.89935,1602.03765,2179.779615,-1435.961914,-276.9254461,1159.036468
490,F490,F,G,-,B,490,0.012158055,-408.8077469,-2317.56565,0,729.9916316,7LM9,3BGF,-1316.021959,-10348.89935,1602.03765,2179.779615,-1435.961914,-276.9254461,1159.036468
490,F490,F,R,-,B,490,0.015197568,-1063.566168,-3572.096155,248.352663,1447.912995,7WE7,7WEC,-1316.021959,-10348.89935,1602.03765,2179.779615,-1435.961914,-276.9254461,1159.036468
490,F490,F,Q,-,B,490,0.025075988,-466.1042076,-4603.7399,1602.03765,1261.024566,7Q9J,7Q9J,-1316.021959,-10348.89935,1602.03765,2179.779615,-1435.961914,-276.9254461,1159.036468
490,F490,F,T,-,B,490,0.047112462,0,0,0,0,7V3L,7V3L,-1316.021959,-10348.89935,1602.03765,2179.779615,-1435.961914,-276.9254461,1159.036468
490,F490,F,D,-,B,490,0.003799392,0,0,0,0,7N9C,7N9C,-1316.021959,-10348.89935,1602.03765,2179.779615,-1435.961914,-276.9254461,1159.036468
490,F490,F,N,-,B,490,0.002279635,0,0,0,0,7WPE,7WPE,-1316.021959,-10348.89935,1602.03765,2179.779615,-1435.961914,-276.9254461,1159.036468
490,F490,F,P,-,B,490,0.000759878,0,0,0,0,7WE7,7WE7,-1316.021959,-10348.89935,1602.03765,2179.779615,-1435.961914,-276.9254461,1159.036468
493,Q493,Q,Q,-,B,493,0.826765799,-1277.677664,-8260.58815,2377.204731,1822.866956,6Z2M,7DK0,-1121.436162,-8260.58815,2377.204731,1754.682281,-1277.677664,-815.546336,462.131328
493,Q493,Q,R,-,B,493,0.066171004,-815.546336,-6595.4378,931.7807725,1504.138462,7TCC,7XST,-1121.436162,-8260.58815,2377.204731,1754.682281,-1277.677664,-815.546336,462.131328
496,G496,G,G,-,B,496,0.834944238,-265.2770784,-4270.949825,1033.959297,618.0563246,7VYR,7JWB,-274.1282334,-4907.36344,1033.959297,645.9345963,-265.2770784,-309.5930535,-44.3159751
496,G496,G,S,-,B,496,0.06394052,-309.5930535,-2366.5459,0,599.7562124,7WJZ,7WS4,-274.1282334,-4907.36344,1033.959297,645.9345963,-265.2770784,-309.5930535,-44.3159751
498,Q498,Q,Q,-,B,498,0.815453863,-453.0724605,-6343.5583,2454.44885,1039.26164,6XCM,7MW4,-394.2995032,-6343.5583,2454.44885,979.9376016,-453.0724605,-122.1474992,330.9249613
498,Q498,Q,R,-,B,498,0.078019505,-122.1474992,-3487.3601,0,474.6240831,7UPL,7WS4,-394.2995032,-6343.5583,2454.44885,979.9376016,-453.0724605,-122.1474992,330.9249613
501,N501,N,Y,-,B,501,0.136432927,-1017.19384,-6444.49885,91.570575,1654.437614,7XST,7PS6,-423.9937826,-6444.49885,1412.66125,1043.707772,-351.5327212,-1017.19384,-665.6611188
501,N501,N,N,-,B,501,0.802591463,-351.5327212,-6103.909,1412.66125,900.2362599,7OAN,7.00E+86,-423.9937826,-6444.49885,1412.66125,1043.707772,-351.5327212,-1017.19384,-665.6611188
505,Y505,Y,Y,-,B,505,0.861297539,-1299.115906,-10671.26878,616.3651,2340.660494,7LD1,7NX7,-1230.986404,-10671.26878,616.3651,2321.790437,-1299.115906,-1303.668274,-4.552368
505,Y505,Y,H,-,B,505,0.077554064,-1303.668274,-8131.938425,0,2721.297107,8ERR,7WOW,-1230.986404,-10671.26878,616.3651,2321.790437,-1299.115906,-1303.668274,-4.552368