site,label_site,wildtype,mutation,condition,protein_chain,protein_site,mut_average_interact,mut_min_interact,mut_max_interact,mut_deviation,site_average_interact,site_min_interact,site_max_interact,site_deviation,site_average_WT,site_average_mut,site_average_deltaACE2,site_average_deltaAB,site_ACE2_colorscale,site_AB_colorscale
501,N501,N,Y,-,B,501,-4138.030395,-4621.8473,-3573.42185,273.1894924,-4138.030395,-4621.8473,-3573.42185,273.1894924,-2569.697933,-4081.093125,-1511.395193,-665.6611188,-1,-0.950944455
452,L452,L,R,-,B,452,0,0,0,0,0,0,0,0,0,0,0,-321.4005609,0,-0.459143658
440,N440,N,K,-,B,440,0,0,0,0,0,0,0,0,0,0,0,-276.9660271,0,-0.395665753
446,G446,G,S,-,B,446,-119.1012703,-582.4389,260.1501,254.7860438,-119.1012703,-582.4389,260.1501,254.7860438,-49.85864968,-128.6030617,-78.74441202,-181.6273305,-0.112492017,-0.259467615
496,G496,G,S,-,B,496,-3028.764433,-3789.3056,-2571.62375,267.7115279,-3028.764433,-3789.3056,-2571.62375,267.7115279,-2395.589911,-2847.402237,-451.8123264,-44.3159751,-0.645446181,-0.063308536
477,S477,S,N,-,B,477,151.020025,88.9044,229.1276,45.92622566,151.020025,88.9044,229.1276,45.92622566,180.0519125,150.640555,-29.4113575,-16.5715836,-0.042016225,-0.023673691
505,Y505,Y,H,-,B,505,-4159.854995,-5526.946025,-420.3091,1263.894579,-4159.854995,-5526.946025,-420.3091,1263.894579,-4974.26749,-4340.924928,633.3425624,-4.552368,0.904285714,-0.006503383
478,T478,T,K,-,B,478,6.345859375,0,203.0675,35.33224968,6.345859375,0,203.0675,35.33224968,0,5.216854167,5.216854167,148.2615155,0.007452649,0.211802165
498,Q498,Q,R,-,B,498,-3440.665779,-6810.748128,-1357.188888,962.5023194,-3440.665779,-6810.748128,-1357.188888,962.5023194,-1075.430342,-3251.987481,-2176.557139,330.924961,-1,0.472749944
405,D405,D,N,-,B,405,0,0,0,0,0,0,0,0,0,0,0,403.451914,0,0.576359877
493,Q493,Q,R,-,B,493,-5098.975449,-7715.252625,-1967.871231,2039.705211,-5098.975449,-7715.252625,-1967.871231,2039.705211,-6420.065051,-5080.483896,1339.581155,462.131328,1,0.660187611
417,K417,K,N,-,B,417,-1444.392043,-2683.9079,-364.9605,530.077285,-1444.392043,-2683.9079,-364.9605,530.077285,-4212.51586,-1113.191375,3099.324485,505.9030188,1,0.722718598
408,R408,R,S,-,B,408,0,0,0,0,0,0,0,0,0,0,0,789.3400987,0,1
490,F490,F,S,-,B,490,-2377.866738,-2955.6648,-2121.45825,187.0546272,-2377.866738,-2955.6648,-2121.45825,187.0546272,-1714.527501,-2377.866738,-663.3392366,1159.036468,-0.947627481,1
484,E484,E,K,-,B,484,47.35653437,-107.5875,761.6797,167.027089,47.35653437,-107.5875,761.6797,167.027089,-9.359208333,8.973338437,18.33254677,2243.821332,0.026189353,1
486,F486,F,V,-,B,486,-3072.774377,-3353.892,-2759.56255,172.2949684,-3072.774377,-3353.892,-2759.56255,172.2949684,-2166.180411,-3074.177168,-907.9967574,2813.092503,-1,1