site,label_site,wildtype,mutation,condition,protein_chain,protein_site,mut_average_interact,mut_min_interact,mut_max_interact,mut_deviation,site_average_interact,site_min_interact,site_max_interact,site_deviation,site_average_WT,site_average_mut,site_average_delta
405,D405,D,D,Alpha,E,405,0,0,0,0,0,0,0,0,0,0,0
405,D405,D,D,BA1,E,405,0,0,0,0,0,0,0,0,0,0,0
405,D405,D,D,Beta,E,405,0,0,0,0,0,0,0,0,0,0,0
405,D405,D,D,Delta,E,405,0,0,0,0,0,0,0,0,0,0,0
405,D405,D,D,E484A,E,405,0,0,0,0,0,0,0,0,0,0,0
405,D405,D,D,E484K,E,405,0,0,0,0,0,0,0,0,0,0,0
405,D405,D,D,E484Q,E,405,0,0,0,0,0,0,0,0,0,0,0
405,D405,D,D,F486V,E,405,0,0,0,0,0,0,0,0,0,0,0
405,D405,D,D,F490S,E,405,0,0,0,0,0,0,0,0,0,0,0
405,D405,D,D,G446S,E,405,0,0,0,0,0,0,0,0,0,0,0
405,D405,D,D,G496S,E,405,0,0,0,0,0,0,0,0,0,0,0
405,D405,D,D,Gamma,E,405,0,0,0,0,0,0,0,0,0,0,0
405,D405,D,D,K417N,E,405,0,0,0,0,0,0,0,0,0,0,0
405,D405,D,D,K417T,E,405,0,0,0,0,0,0,0,0,0,0,0
405,D405,D,D,Kappa,E,405,0,0,0,0,0,0,0,0,0,0,0
405,D405,D,D,L452Q,E,405,0,0,0,0,0,0,0,0,0,0,0
405,D405,D,D,L452R,E,405,0,0,0,0,0,0,0,0,0,0,0
405,D405,D,D,Lambda,E,405,0,0,0,0,0,0,0,0,0,0,0
405,D405,D,D,N440K,E,405,0,0,0,0,0,0,0,0,0,0,0
405,D405,D,D,N501Y,E,405,0,0,0,0,0,0,0,0,0,0,0
405,D405,D,D,Q493R,E,405,0,0,0,0,0,0,0,0,0,0,0
405,D405,D,D,Q498R,E,405,0,0,0,0,0,0,0,0,0,0,0
405,D405,D,D,R408S,E,405,0,0,0,0,0,0,0,0,0,0,0
405,D405,D,D,S477N,E,405,0,0,0,0,0,0,0,0,0,0,0
405,D405,D,D,T478K,E,405,0,0,0,0,0,0,0,0,0,0,0
405,D405,D,D,WT,E,405,0,0,0,0,0,0,0,0,0,0,0
405,D405,D,D,Y505H,E,405,0,0,0,0,0,0,0,0,0,0,0
405,D405,D,N,BA2,E,405,0,0,0,0,0,0,0,0,0,0,0
405,D405,D,N,BA3,E,405,0,0,0,0,0,0,0,0,0,0,0
405,D405,D,N,BA4,E,405,0,0,0,0,0,0,0,0,0,0,0
405,D405,D,N,D405N,E,405,0,0,0,0,0,0,0,0,0,0,0
408,R408,R,R,Alpha,E,408,0,0,0,0,0,0,0,0,0,0,0
408,R408,R,R,BA1,E,408,0,0,0,0,0,0,0,0,0,0,0
408,R408,R,R,BA3,E,408,0,0,0,0,0,0,0,0,0,0,0
408,R408,R,R,Beta,E,408,0,0,0,0,0,0,0,0,0,0,0
408,R408,R,R,D405N,E,408,0,0,0,0,0,0,0,0,0,0,0
408,R408,R,R,Delta,E,408,0,0,0,0,0,0,0,0,0,0,0
408,R408,R,R,E484A,E,408,0,0,0,0,0,0,0,0,0,0,0
408,R408,R,R,E484K,E,408,0,0,0,0,0,0,0,0,0,0,0
408,R408,R,R,E484Q,E,408,0,0,0,0,0,0,0,0,0,0,0
408,R408,R,R,F486V,E,408,0,0,0,0,0,0,0,0,0,0,0
408,R408,R,R,F490S,E,408,0,0,0,0,0,0,0,0,0,0,0
408,R408,R,R,G446S,E,408,0,0,0,0,0,0,0,0,0,0,0
408,R408,R,R,G496S,E,408,0,0,0,0,0,0,0,0,0,0,0
408,R408,R,R,Gamma,E,408,0,0,0,0,0,0,0,0,0,0,0
408,R408,R,R,K417N,E,408,0,0,0,0,0,0,0,0,0,0,0
408,R408,R,R,K417T,E,408,0,0,0,0,0,0,0,0,0,0,0
408,R408,R,R,Kappa,E,408,0,0,0,0,0,0,0,0,0,0,0
408,R408,R,R,L452Q,E,408,0,0,0,0,0,0,0,0,0,0,0
408,R408,R,R,L452R,E,408,0,0,0,0,0,0,0,0,0,0,0
408,R408,R,R,Lambda,E,408,0,0,0,0,0,0,0,0,0,0,0
408,R408,R,R,N440K,E,408,0,0,0,0,0,0,0,0,0,0,0
408,R408,R,R,N501Y,E,408,0,0,0,0,0,0,0,0,0,0,0
408,R408,R,R,Q493R,E,408,0,0,0,0,0,0,0,0,0,0,0
408,R408,R,R,Q498R,E,408,0,0,0,0,0,0,0,0,0,0,0
408,R408,R,R,S477N,E,408,0,0,0,0,0,0,0,0,0,0,0
408,R408,R,R,T478K,E,408,0,0,0,0,0,0,0,0,0,0,0
408,R408,R,R,WT,E,408,0,0,0,0,0,0,0,0,0,0,0
408,R408,R,R,Y505H,E,408,0,0,0,0,0,0,0,0,0,0,0
408,R408,R,S,BA2,E,408,0,0,0,0,0,0,0,0,0,0,0
408,R408,R,S,BA4,E,408,0,0,0,0,0,0,0,0,0,0,0
408,R408,R,S,R408S,E,408,0,0,0,0,0,0,0,0,0,0,0
417,K417,K,K,Alpha,E,417,-4297.397341,-5603.61285,-2745.60385,907.9292571,-4297.397341,-5603.61285,-2745.60385,907.9292571,-4212.51586,-1113.191375,3099.324485
417,K417,K,K,D405N,E,417,-4208.401941,-5603.61285,-2683.9347,922.0363668,-4208.401941,-5603.61285,-2683.9347,922.0363668,-4212.51586,-1113.191375,3099.324485
417,K417,K,K,Delta,E,417,-4208.401941,-5603.61285,-2683.9347,922.0363668,-4208.401941,-5603.61285,-2683.9347,922.0363668,-4212.51586,-1113.191375,3099.324485
417,K417,K,K,E484A,E,417,-4208.401941,-5603.61285,-2683.9347,922.0363668,-4208.401941,-5603.61285,-2683.9347,922.0363668,-4212.51586,-1113.191375,3099.324485
417,K417,K,K,E484K,E,417,-4208.401941,-5603.61285,-2683.9347,922.0363668,-4208.401941,-5603.61285,-2683.9347,922.0363668,-4212.51586,-1113.191375,3099.324485
417,K417,K,K,E484Q,E,417,-4208.401941,-5603.61285,-2683.9347,922.0363668,-4208.401941,-5603.61285,-2683.9347,922.0363668,-4212.51586,-1113.191375,3099.324485
417,K417,K,K,F486V,E,417,-4208.401941,-5603.61285,-2683.9347,922.0363668,-4208.401941,-5603.61285,-2683.9347,922.0363668,-4212.51586,-1113.191375,3099.324485
417,K417,K,K,F490S,E,417,-4208.401941,-5603.61285,-2683.9347,922.0363668,-4208.401941,-5603.61285,-2683.9347,922.0363668,-4212.51586,-1113.191375,3099.324485
417,K417,K,K,G446S,E,417,-4208.401941,-5603.61285,-2683.9347,922.0363668,-4208.401941,-5603.61285,-2683.9347,922.0363668,-4212.51586,-1113.191375,3099.324485
417,K417,K,K,G496S,E,417,-4208.401941,-5603.61285,-2683.9347,922.0363668,-4208.401941,-5603.61285,-2683.9347,922.0363668,-4212.51586,-1113.191375,3099.324485
417,K417,K,K,Kappa,E,417,-4208.401941,-5603.61285,-2683.9347,922.0363668,-4208.401941,-5603.61285,-2683.9347,922.0363668,-4212.51586,-1113.191375,3099.324485
417,K417,K,K,L452Q,E,417,-4208.401941,-5603.61285,-2683.9347,922.0363668,-4208.401941,-5603.61285,-2683.9347,922.0363668,-4212.51586,-1113.191375,3099.324485
417,K417,K,K,L452R,E,417,-4208.401941,-5603.61285,-2683.9347,922.0363668,-4208.401941,-5603.61285,-2683.9347,922.0363668,-4212.51586,-1113.191375,3099.324485
417,K417,K,K,Lambda,E,417,-4208.401941,-5603.61285,-2683.9347,922.0363668,-4208.401941,-5603.61285,-2683.9347,922.0363668,-4212.51586,-1113.191375,3099.324485
417,K417,K,K,N440K,E,417,-4208.401941,-5603.61285,-2683.9347,922.0363668,-4208.401941,-5603.61285,-2683.9347,922.0363668,-4212.51586,-1113.191375,3099.324485
417,K417,K,K,N501Y,E,417,-4297.397341,-5603.61285,-2745.60385,907.9292571,-4297.397341,-5603.61285,-2745.60385,907.9292571,-4212.51586,-1113.191375,3099.324485
417,K417,K,K,Q493R,E,417,-4079.142722,-5603.61285,-2556.0393,956.0837158,-4079.142722,-5603.61285,-2556.0393,956.0837158,-4212.51586,-1113.191375,3099.324485
417,K417,K,K,Q498R,E,417,-4208.401941,-5603.61285,-2683.9347,922.0363668,-4208.401941,-5603.61285,-2683.9347,922.0363668,-4212.51586,-1113.191375,3099.324485
417,K417,K,K,R408S,E,417,-4208.401941,-5603.61285,-2683.9347,922.0363668,-4208.401941,-5603.61285,-2683.9347,922.0363668,-4212.51586,-1113.191375,3099.324485
417,K417,K,K,S477N,E,417,-4208.401941,-5603.61285,-2683.9347,922.0363668,-4208.401941,-5603.61285,-2683.9347,922.0363668,-4212.51586,-1113.191375,3099.324485
417,K417,K,K,T478K,E,417,-4208.401941,-5603.61285,-2683.9347,922.0363668,-4208.401941,-5603.61285,-2683.9347,922.0363668,-4212.51586,-1113.191375,3099.324485
417,K417,K,K,WT,E,417,-4208.401941,-5603.61285,-2683.9347,922.0363668,-4208.401941,-5603.61285,-2683.9347,922.0363668,-4212.51586,-1113.191375,3099.324485
417,K417,K,K,Y505H,E,417,-4254.290494,-5603.61285,-2683.9347,953.262516,-4254.290494,-5603.61285,-2683.9347,953.262516,-4212.51586,-1113.191375,3099.324485
417,K417,K,N,BA1,E,417,-1293.758497,-2683.9079,-198.31195,558.4754968,-1293.758497,-2683.9079,-198.31195,558.4754968,-4212.51586,-1113.191375,3099.324485
417,K417,K,N,BA2,E,417,-1468.495866,-2683.9079,-198.31195,576.301186,-1468.495866,-2683.9079,-198.31195,576.301186,-4212.51586,-1113.191375,3099.324485
417,K417,K,N,BA3,E,417,-1293.758497,-2683.9079,-198.31195,558.4754968,-1293.758497,-2683.9079,-198.31195,558.4754968,-4212.51586,-1113.191375,3099.324485
417,K417,K,N,BA4,E,417,-1647.442293,-2896.3034,-364.9605,595.7062509,-1647.442293,-2896.3034,-364.9605,595.7062509,-4212.51586,-1113.191375,3099.324485
417,K417,K,N,Beta,E,417,-1444.392043,-2683.9079,-364.9605,530.077285,-1444.392043,-2683.9079,-364.9605,530.077285,-4212.51586,-1113.191375,3099.324485
417,K417,K,N,K417N,E,417,-1444.392043,-2683.9079,-364.9605,530.077285,-1444.392043,-2683.9079,-364.9605,530.077285,-4212.51586,-1113.191375,3099.324485
417,K417,K,T,Gamma,E,417,-156.6458797,-957.39195,0,182.5278184,-156.6458797,-957.39195,0,182.5278184,-4212.51586,-1113.191375,3099.324485
417,K417,K,T,K417T,E,417,-156.6458797,-957.39195,0,182.5278184,-156.6458797,-957.39195,0,182.5278184,-4212.51586,-1113.191375,3099.324485
440,N440,N,K,BA1,E,440,0,0,0,0,0,0,0,0,0,0,0
440,N440,N,K,BA2,E,440,0,0,0,0,0,0,0,0,0,0,0
440,N440,N,K,BA3,E,440,0,0,0,0,0,0,0,0,0,0,0
440,N440,N,K,BA4,E,440,0,0,0,0,0,0,0,0,0,0,0
440,N440,N,K,N440K,E,440,0,0,0,0,0,0,0,0,0,0,0
440,N440,N,N,Alpha,E,440,0,0,0,0,0,0,0,0,0,0,0
440,N440,N,N,Beta,E,440,0,0,0,0,0,0,0,0,0,0,0
440,N440,N,N,D405N,E,440,0,0,0,0,0,0,0,0,0,0,0
440,N440,N,N,Delta,E,440,0,0,0,0,0,0,0,0,0,0,0
440,N440,N,N,E484A,E,440,0,0,0,0,0,0,0,0,0,0,0
440,N440,N,N,E484K,E,440,0,0,0,0,0,0,0,0,0,0,0
440,N440,N,N,E484Q,E,440,0,0,0,0,0,0,0,0,0,0,0
440,N440,N,N,F486V,E,440,0,0,0,0,0,0,0,0,0,0,0
440,N440,N,N,F490S,E,440,0,0,0,0,0,0,0,0,0,0,0
440,N440,N,N,G446S,E,440,0,0,0,0,0,0,0,0,0,0,0
440,N440,N,N,G496S,E,440,0,0,0,0,0,0,0,0,0,0,0
440,N440,N,N,Gamma,E,440,0,0,0,0,0,0,0,0,0,0,0
440,N440,N,N,K417N,E,440,0,0,0,0,0,0,0,0,0,0,0
440,N440,N,N,K417T,E,440,0,0,0,0,0,0,0,0,0,0,0
440,N440,N,N,Kappa,E,440,0,0,0,0,0,0,0,0,0,0,0
440,N440,N,N,L452Q,E,440,0,0,0,0,0,0,0,0,0,0,0
440,N440,N,N,L452R,E,440,0,0,0,0,0,0,0,0,0,0,0
440,N440,N,N,Lambda,E,440,0,0,0,0,0,0,0,0,0,0,0
440,N440,N,N,N501Y,E,440,0,0,0,0,0,0,0,0,0,0,0
440,N440,N,N,Q493R,E,440,0,0,0,0,0,0,0,0,0,0,0
440,N440,N,N,Q498R,E,440,0,0,0,0,0,0,0,0,0,0,0
440,N440,N,N,R408S,E,440,0,0,0,0,0,0,0,0,0,0,0
440,N440,N,N,S477N,E,440,0,0,0,0,0,0,0,0,0,0,0
440,N440,N,N,T478K,E,440,0,0,0,0,0,0,0,0,0,0,0
440,N440,N,N,WT,E,440,0,0,0,0,0,0,0,0,0,0,0
440,N440,N,N,Y505H,E,440,0,0,0,0,0,0,0,0,0,0,0
446,G446,G,G,Alpha,E,446,-31.1699625,-342.17425,239.0691,199.5699745,-31.1699625,-342.17425,239.0691,199.5699745,-49.85864968,-128.6030617,-78.74441202
446,G446,G,G,BA2,E,446,-81.63832187,-445.8785,254.0558,208.0223234,-81.63832187,-445.8785,254.0558,208.0223234,-49.85864968,-128.6030617,-78.74441202
446,G446,G,G,BA3,E,446,-81.63832188,-445.8785,254.0558,208.0223234,-81.63832188,-445.8785,254.0558,208.0223234,-49.85864968,-128.6030617,-78.74441202
446,G446,G,G,BA4,E,446,-81.63832188,-445.8785,254.0558,208.0223234,-81.63832188,-445.8785,254.0558,208.0223234,-49.85864968,-128.6030617,-78.74441202
446,G446,G,G,Beta,E,446,-46.3248875,-342.17425,239.0691,201.6381474,-46.3248875,-342.17425,239.0691,201.6381474,-49.85864968,-128.6030617,-78.74441202
446,G446,G,G,D405N,E,446,-46.3248875,-342.17425,239.0691,201.6381474,-46.3248875,-342.17425,239.0691,201.6381474,-49.85864968,-128.6030617,-78.74441202
446,G446,G,G,Delta,E,446,-46.3248875,-342.17425,239.0691,201.6381474,-46.3248875,-342.17425,239.0691,201.6381474,-49.85864968,-128.6030617,-78.74441202
446,G446,G,G,E484A,E,446,-46.3248875,-342.17425,239.0691,201.6381474,-46.3248875,-342.17425,239.0691,201.6381474,-49.85864968,-128.6030617,-78.74441202
446,G446,G,G,E484K,E,446,-46.3248875,-342.17425,239.0691,201.6381474,-46.3248875,-342.17425,239.0691,201.6381474,-49.85864968,-128.6030617,-78.74441202
446,G446,G,G,E484Q,E,446,-46.3248875,-342.17425,239.0691,201.6381474,-46.3248875,-342.17425,239.0691,201.6381474,-49.85864968,-128.6030617,-78.74441202
446,G446,G,G,F486V,E,446,-46.3248875,-342.17425,239.0691,201.6381474,-46.3248875,-342.17425,239.0691,201.6381474,-49.85864968,-128.6030617,-78.74441202
446,G446,G,G,F490S,E,446,-46.3248875,-342.17425,239.0691,201.6381474,-46.3248875,-342.17425,239.0691,201.6381474,-49.85864968,-128.6030617,-78.74441202
446,G446,G,G,G496S,E,446,-46.3248875,-342.17425,239.0691,201.6381474,-46.3248875,-342.17425,239.0691,201.6381474,-49.85864968,-128.6030617,-78.74441202
446,G446,G,G,Gamma,E,446,-46.3248875,-342.17425,239.0691,201.6381474,-46.3248875,-342.17425,239.0691,201.6381474,-49.85864968,-128.6030617,-78.74441202
446,G446,G,G,K417N,E,446,-46.3248875,-342.17425,239.0691,201.6381474,-46.3248875,-342.17425,239.0691,201.6381474,-49.85864968,-128.6030617,-78.74441202
446,G446,G,G,K417T,E,446,-46.3248875,-342.17425,239.0691,201.6381474,-46.3248875,-342.17425,239.0691,201.6381474,-49.85864968,-128.6030617,-78.74441202
446,G446,G,G,Kappa,E,446,-46.3248875,-342.17425,239.0691,201.6381474,-46.3248875,-342.17425,239.0691,201.6381474,-49.85864968,-128.6030617,-78.74441202
446,G446,G,G,L452Q,E,446,-46.3248875,-342.17425,239.0691,201.6381474,-46.3248875,-342.17425,239.0691,201.6381474,-49.85864968,-128.6030617,-78.74441202
446,G446,G,G,L452R,E,446,-46.3248875,-342.17425,239.0691,201.6381474,-46.3248875,-342.17425,239.0691,201.6381474,-49.85864968,-128.6030617,-78.74441202
446,G446,G,G,Lambda,E,446,-46.3248875,-342.17425,239.0691,201.6381474,-46.3248875,-342.17425,239.0691,201.6381474,-49.85864968,-128.6030617,-78.74441202
446,G446,G,G,N440K,E,446,-46.3248875,-342.17425,239.0691,201.6381474,-46.3248875,-342.17425,239.0691,201.6381474,-49.85864968,-128.6030617,-78.74441202
446,G446,G,G,N501Y,E,446,-31.1699625,-342.17425,239.0691,199.5699745,-31.1699625,-342.17425,239.0691,199.5699745,-49.85864968,-128.6030617,-78.74441202
446,G446,G,G,Q493R,E,446,-46.3248875,-342.17425,239.0691,201.6381474,-46.3248875,-342.17425,239.0691,201.6381474,-49.85864968,-128.6030617,-78.74441202
446,G446,G,G,Q498R,E,446,-81.63832188,-445.8785,254.0558,208.0223234,-81.63832188,-445.8785,254.0558,208.0223234,-49.85864968,-128.6030617,-78.74441202
446,G446,G,G,R408S,E,446,-46.3248875,-342.17425,239.0691,201.6381474,-46.3248875,-342.17425,239.0691,201.6381474,-49.85864968,-128.6030617,-78.74441202
446,G446,G,G,S477N,E,446,-46.3248875,-342.17425,239.0691,201.6381474,-46.3248875,-342.17425,239.0691,201.6381474,-49.85864968,-128.6030617,-78.74441202
446,G446,G,G,T478K,E,446,-46.3248875,-342.17425,239.0691,201.6381474,-46.3248875,-342.17425,239.0691,201.6381474,-49.85864968,-128.6030617,-78.74441202
446,G446,G,G,WT,E,446,-46.3248875,-342.17425,239.0691,201.6381474,-46.3248875,-342.17425,239.0691,201.6381474,-49.85864968,-128.6030617,-78.74441202
446,G446,G,G,Y505H,E,446,-37.86010312,-342.17425,239.0691,205.8114613,-37.86010312,-342.17425,239.0691,205.8114613,-49.85864968,-128.6030617,-78.74441202
446,G446,G,S,BA1,E,446,-138.1048531,-645.1993,270.6338,235.8408211,-138.1048531,-645.1993,270.6338,235.8408211,-49.85864968,-128.6030617,-78.74441202
446,G446,G,S,G446S,E,446,-119.1012703,-582.4389,260.1501,254.7860438,-119.1012703,-582.4389,260.1501,254.7860438,-49.85864968,-128.6030617,-78.74441202
452,L452,L,L,Alpha,E,452,0,0,0,0,0,0,0,0,0,0,0
452,L452,L,L,BA1,E,452,0,0,0,0,0,0,0,0,0,0,0
452,L452,L,L,BA2,E,452,0,0,0,0,0,0,0,0,0,0,0
452,L452,L,L,BA3,E,452,0,0,0,0,0,0,0,0,0,0,0
452,L452,L,L,Beta,E,452,0,0,0,0,0,0,0,0,0,0,0
452,L452,L,L,D405N,E,452,0,0,0,0,0,0,0,0,0,0,0
452,L452,L,L,E484A,E,452,0,0,0,0,0,0,0,0,0,0,0
452,L452,L,L,E484K,E,452,0,0,0,0,0,0,0,0,0,0,0
452,L452,L,L,E484Q,E,452,0,0,0,0,0,0,0,0,0,0,0
452,L452,L,L,F486V,E,452,0,0,0,0,0,0,0,0,0,0,0
452,L452,L,L,F490S,E,452,0,0,0,0,0,0,0,0,0,0,0
452,L452,L,L,G446S,E,452,0,0,0,0,0,0,0,0,0,0,0
452,L452,L,L,G496S,E,452,0,0,0,0,0,0,0,0,0,0,0
452,L452,L,L,Gamma,E,452,0,0,0,0,0,0,0,0,0,0,0
452,L452,L,L,K417N,E,452,0,0,0,0,0,0,0,0,0,0,0
452,L452,L,L,K417T,E,452,0,0,0,0,0,0,0,0,0,0,0
452,L452,L,L,N440K,E,452,0,0,0,0,0,0,0,0,0,0,0
452,L452,L,L,N501Y,E,452,0,0,0,0,0,0,0,0,0,0,0
452,L452,L,L,Q493R,E,452,0,0,0,0,0,0,0,0,0,0,0
452,L452,L,L,Q498R,E,452,0,0,0,0,0,0,0,0,0,0,0
452,L452,L,L,R408S,E,452,0,0,0,0,0,0,0,0,0,0,0
452,L452,L,L,S477N,E,452,0,0,0,0,0,0,0,0,0,0,0
452,L452,L,L,T478K,E,452,0,0,0,0,0,0,0,0,0,0,0
452,L452,L,L,WT,E,452,0,0,0,0,0,0,0,0,0,0,0
452,L452,L,L,Y505H,E,452,0,0,0,0,0,0,0,0,0,0,0
452,L452,L,Q,L452Q,E,452,0,0,0,0,0,0,0,0,0,0,0
452,L452,L,Q,Lambda,E,452,0,0,0,0,0,0,0,0,0,0,0
452,L452,L,R,BA4,E,452,0,0,0,0,0,0,0,0,0,0,0
452,L452,L,R,Delta,E,452,0,0,0,0,0,0,0,0,0,0,0
452,L452,L,R,Kappa,E,452,0,0,0,0,0,0,0,0,0,0,0
452,L452,L,R,L452R,E,452,0,0,0,0,0,0,0,0,0,0,0
477,S477,S,N,BA1,E,477,151.020025,88.9044,229.1276,45.92622566,151.020025,88.9044,229.1276,45.92622566,180.0519125,150.640555,-29.4113575
477,S477,S,N,BA2,E,477,150.07135,84.5676,216.84,45.89415384,150.07135,84.5676,216.84,45.89415384,180.0519125,150.640555,-29.4113575
477,S477,S,N,BA3,E,477,151.020025,88.9044,229.1276,45.92622566,151.020025,88.9044,229.1276,45.92622566,180.0519125,150.640555,-29.4113575
477,S477,S,N,BA4,E,477,150.07135,84.5676,216.84,45.89415384,150.07135,84.5676,216.84,45.89415384,180.0519125,150.640555,-29.4113575
477,S477,S,N,S477N,E,477,151.020025,88.9044,229.1276,45.92622566,151.020025,88.9044,229.1276,45.92622566,180.0519125,150.640555,-29.4113575
477,S477,S,S,Alpha,E,477,182.8684,132.9952,236.3556,35.85426796,182.8684,132.9952,236.3556,35.85426796,180.0519125,150.640555,-29.4113575
477,S477,S,S,Beta,E,477,179.751325,132.9952,236.3556,35.46530981,179.751325,132.9952,236.3556,35.46530981,180.0519125,150.640555,-29.4113575
477,S477,S,S,D405N,E,477,179.751325,132.9952,236.3556,35.46530981,179.751325,132.9952,236.3556,35.46530981,180.0519125,150.640555,-29.4113575
477,S477,S,S,Delta,E,477,179.751325,132.9952,236.3556,35.46530981,179.751325,132.9952,236.3556,35.46530981,180.0519125,150.640555,-29.4113575
477,S477,S,S,E484A,E,477,179.751325,132.9952,236.3556,35.46530981,179.751325,132.9952,236.3556,35.46530981,180.0519125,150.640555,-29.4113575
477,S477,S,S,E484K,E,477,179.751325,132.9952,236.3556,35.46530981,179.751325,132.9952,236.3556,35.46530981,180.0519125,150.640555,-29.4113575
477,S477,S,S,E484Q,E,477,179.751325,132.9952,236.3556,35.46530981,179.751325,132.9952,236.3556,35.46530981,180.0519125,150.640555,-29.4113575
477,S477,S,S,F486V,E,477,179.751325,132.9952,236.3556,35.46530981,179.751325,132.9952,236.3556,35.46530981,180.0519125,150.640555,-29.4113575
477,S477,S,S,F490S,E,477,179.751325,132.9952,236.3556,35.46530981,179.751325,132.9952,236.3556,35.46530981,180.0519125,150.640555,-29.4113575
477,S477,S,S,G446S,E,477,179.751325,132.9952,236.3556,35.46530981,179.751325,132.9952,236.3556,35.46530981,180.0519125,150.640555,-29.4113575
477,S477,S,S,G496S,E,477,179.751325,132.9952,236.3556,35.46530981,179.751325,132.9952,236.3556,35.46530981,180.0519125,150.640555,-29.4113575
477,S477,S,S,Gamma,E,477,179.751325,132.9952,236.3556,35.46530981,179.751325,132.9952,236.3556,35.46530981,180.0519125,150.640555,-29.4113575
477,S477,S,S,K417N,E,477,179.751325,132.9952,236.3556,35.46530981,179.751325,132.9952,236.3556,35.46530981,180.0519125,150.640555,-29.4113575
477,S477,S,S,K417T,E,477,179.751325,132.9952,236.3556,35.46530981,179.751325,132.9952,236.3556,35.46530981,180.0519125,150.640555,-29.4113575
477,S477,S,S,Kappa,E,477,179.751325,132.9952,236.3556,35.46530981,179.751325,132.9952,236.3556,35.46530981,180.0519125,150.640555,-29.4113575
477,S477,S,S,L452Q,E,477,179.751325,132.9952,236.3556,35.46530981,179.751325,132.9952,236.3556,35.46530981,180.0519125,150.640555,-29.4113575
477,S477,S,S,L452R,E,477,179.751325,132.9952,236.3556,35.46530981,179.751325,132.9952,236.3556,35.46530981,180.0519125,150.640555,-29.4113575
477,S477,S,S,Lambda,E,477,179.751325,132.9952,236.3556,35.46530981,179.751325,132.9952,236.3556,35.46530981,180.0519125,150.640555,-29.4113575
477,S477,S,S,N440K,E,477,179.751325,132.9952,236.3556,35.46530981,179.751325,132.9952,236.3556,35.46530981,180.0519125,150.640555,-29.4113575
477,S477,S,S,N501Y,E,477,182.8684,132.9952,236.3556,35.85426796,182.8684,132.9952,236.3556,35.85426796,180.0519125,150.640555,-29.4113575
477,S477,S,S,Q493R,E,477,179.751325,132.9952,236.3556,35.46530981,179.751325,132.9952,236.3556,35.46530981,180.0519125,150.640555,-29.4113575
477,S477,S,S,Q498R,E,477,179.751325,132.9952,236.3556,35.46530981,179.751325,132.9952,236.3556,35.46530981,180.0519125,150.640555,-29.4113575
477,S477,S,S,R408S,E,477,179.751325,132.9952,236.3556,35.46530981,179.751325,132.9952,236.3556,35.46530981,180.0519125,150.640555,-29.4113575
477,S477,S,S,T478K,E,477,179.751325,132.9952,236.3556,35.46530981,179.751325,132.9952,236.3556,35.46530981,180.0519125,150.640555,-29.4113575
477,S477,S,S,WT,E,477,179.751325,132.9952,236.3556,35.46530981,179.751325,132.9952,236.3556,35.46530981,180.0519125,150.640555,-29.4113575
477,S477,S,S,Y505H,E,477,181.33245,132.9952,236.3556,36.7384698,181.33245,132.9952,236.3556,36.7384698,180.0519125,150.640555,-29.4113575
478,T478,T,K,BA1,E,478,6.345859375,0,203.0675,35.33224968,6.345859375,0,203.0675,35.33224968,0,5.216854167,5.216854167
478,T478,T,K,BA2,E,478,9.304703125,0,138.496,30.86712182,9.304703125,0,138.496,30.86712182,0,5.216854167,5.216854167
478,T478,T,K,BA3,E,478,6.345859375,0,203.0675,35.33224968,6.345859375,0,203.0675,35.33224968,0,5.216854167,5.216854167
478,T478,T,K,BA4,E,478,9.304703125,0,138.496,30.86712182,9.304703125,0,138.496,30.86712182,0,5.216854167,5.216854167
478,T478,T,K,Delta,E,478,0,0,0,0,0,0,0,0,0,5.216854167,5.216854167
478,T478,T,K,T478K,E,478,0,0,0,0,0,0,0,0,0,5.216854167,5.216854167
478,T478,T,T,Alpha,E,478,0,0,0,0,0,0,0,0,0,5.216854167,5.216854167
478,T478,T,T,Beta,E,478,0,0,0,0,0,0,0,0,0,5.216854167,5.216854167
478,T478,T,T,D405N,E,478,0,0,0,0,0,0,0,0,0,5.216854167,5.216854167
478,T478,T,T,E484A,E,478,0,0,0,0,0,0,0,0,0,5.216854167,5.216854167
478,T478,T,T,E484K,E,478,0,0,0,0,0,0,0,0,0,5.216854167,5.216854167
478,T478,T,T,E484Q,E,478,0,0,0,0,0,0,0,0,0,5.216854167,5.216854167
478,T478,T,T,F486V,E,478,0,0,0,0,0,0,0,0,0,5.216854167,5.216854167
478,T478,T,T,F490S,E,478,0,0,0,0,0,0,0,0,0,5.216854167,5.216854167
478,T478,T,T,G446S,E,478,0,0,0,0,0,0,0,0,0,5.216854167,5.216854167
478,T478,T,T,G496S,E,478,0,0,0,0,0,0,0,0,0,5.216854167,5.216854167
478,T478,T,T,Gamma,E,478,0,0,0,0,0,0,0,0,0,5.216854167,5.216854167
478,T478,T,T,K417N,E,478,0,0,0,0,0,0,0,0,0,5.216854167,5.216854167
478,T478,T,T,K417T,E,478,0,0,0,0,0,0,0,0,0,5.216854167,5.216854167
478,T478,T,T,Kappa,E,478,0,0,0,0,0,0,0,0,0,5.216854167,5.216854167
478,T478,T,T,L452Q,E,478,0,0,0,0,0,0,0,0,0,5.216854167,5.216854167
478,T478,T,T,L452R,E,478,0,0,0,0,0,0,0,0,0,5.216854167,5.216854167
478,T478,T,T,Lambda,E,478,0,0,0,0,0,0,0,0,0,5.216854167,5.216854167
478,T478,T,T,N440K,E,478,0,0,0,0,0,0,0,0,0,5.216854167,5.216854167
478,T478,T,T,N501Y,E,478,0,0,0,0,0,0,0,0,0,5.216854167,5.216854167
478,T478,T,T,Q493R,E,478,0,0,0,0,0,0,0,0,0,5.216854167,5.216854167
478,T478,T,T,Q498R,E,478,0,0,0,0,0,0,0,0,0,5.216854167,5.216854167
478,T478,T,T,R408S,E,478,0,0,0,0,0,0,0,0,0,5.216854167,5.216854167
478,T478,T,T,S477N,E,478,0,0,0,0,0,0,0,0,0,5.216854167,5.216854167
478,T478,T,T,WT,E,478,0,0,0,0,0,0,0,0,0,5.216854167,5.216854167
478,T478,T,T,Y505H,E,478,0,0,0,0,0,0,0,0,0,5.216854167,5.216854167
484,E484,E,A,BA1,E,484,0,0,0,0,0,0,0,0,-9.359208333,8.973338437,18.33254677
484,E484,E,A,BA2,E,484,0,0,0,0,0,0,0,0,-9.359208333,8.973338437,18.33254677
484,E484,E,A,BA3,E,484,0,0,0,0,0,0,0,0,-9.359208333,8.973338437,18.33254677
484,E484,E,A,BA4,E,484,0,0,0,0,0,0,0,0,-9.359208333,8.973338437,18.33254677
484,E484,E,A,E484A,E,484,0,0,0,0,0,0,0,0,-9.359208333,8.973338437,18.33254677
484,E484,E,E,Alpha,E,484,-9.240615625,-16.76965,-2.1539,4.386906951,-9.240615625,-16.76965,-2.1539,4.386906951,-9.359208333,8.973338437,18.33254677
484,E484,E,E,D405N,E,484,-9.505045313,-16.9235,-2.1539,4.582647385,-9.505045313,-16.9235,-2.1539,4.582647385,-9.359208333,8.973338437,18.33254677
484,E484,E,E,Delta,E,484,-9.505045313,-16.9235,-2.1539,4.582647385,-9.505045313,-16.9235,-2.1539,4.582647385,-9.359208333,8.973338437,18.33254677
484,E484,E,E,F486V,E,484,-9.505045312,-16.9235,-2.1539,4.582647385,-9.505045312,-16.9235,-2.1539,4.582647385,-9.359208333,8.973338437,18.33254677
484,E484,E,E,F490S,E,484,-8.822335938,-19.6928,-1.07695,5.47406772,-8.822335938,-19.6928,-1.07695,5.47406772,-9.359208333,8.973338437,18.33254677
484,E484,E,E,G446S,E,484,-9.505045312,-16.9235,-2.1539,4.582647385,-9.505045312,-16.9235,-2.1539,4.582647385,-9.359208333,8.973338437,18.33254677
484,E484,E,E,G496S,E,484,-9.505045313,-16.9235,-2.1539,4.582647385,-9.505045313,-16.9235,-2.1539,4.582647385,-9.359208333,8.973338437,18.33254677
484,E484,E,E,K417N,E,484,-9.505045313,-16.9235,-2.1539,4.582647385,-9.505045313,-16.9235,-2.1539,4.582647385,-9.359208333,8.973338437,18.33254677
484,E484,E,E,K417T,E,484,-9.505045313,-16.9235,-2.1539,4.582647385,-9.505045313,-16.9235,-2.1539,4.582647385,-9.359208333,8.973338437,18.33254677
484,E484,E,E,L452Q,E,484,-9.505045313,-16.9235,-2.1539,4.582647385,-9.505045313,-16.9235,-2.1539,4.582647385,-9.359208333,8.973338437,18.33254677
484,E484,E,E,L452R,E,484,-9.505045312,-16.9235,-2.1539,4.582647385,-9.505045312,-16.9235,-2.1539,4.582647385,-9.359208333,8.973338437,18.33254677
484,E484,E,E,Lambda,E,484,-8.822335938,-19.6928,-1.07695,5.47406772,-8.822335938,-19.6928,-1.07695,5.47406772,-9.359208333,8.973338437,18.33254677
484,E484,E,E,N440K,E,484,-9.505045312,-16.9235,-2.1539,4.582647385,-9.505045312,-16.9235,-2.1539,4.582647385,-9.359208333,8.973338437,18.33254677
484,E484,E,E,N501Y,E,484,-9.240615625,-16.76965,-2.1539,4.386906951,-9.240615625,-16.76965,-2.1539,4.386906951,-9.359208333,8.973338437,18.33254677
484,E484,E,E,Q493R,E,484,-8.428095312,-16.9235,0,5.731265412,-8.428095312,-16.9235,0,5.731265412,-9.359208333,8.973338437,18.33254677
484,E484,E,E,Q498R,E,484,-9.505045313,-16.9235,-2.1539,4.582647385,-9.505045313,-16.9235,-2.1539,4.582647385,-9.359208333,8.973338437,18.33254677
484,E484,E,E,R408S,E,484,-9.505045312,-16.9235,-2.1539,4.582647385,-9.505045312,-16.9235,-2.1539,4.582647385,-9.359208333,8.973338437,18.33254677
484,E484,E,E,S477N,E,484,-9.505045312,-16.9235,-2.1539,4.582647385,-9.505045312,-16.9235,-2.1539,4.582647385,-9.359208333,8.973338437,18.33254677
484,E484,E,E,T478K,E,484,-9.505045312,-16.9235,-2.1539,4.582647385,-9.505045312,-16.9235,-2.1539,4.582647385,-9.359208333,8.973338437,18.33254677
484,E484,E,E,WT,E,484,-9.505045313,-16.9235,-2.1539,4.582647385,-9.505045313,-16.9235,-2.1539,4.582647385,-9.359208333,8.973338437,18.33254677
484,E484,E,E,Y505H,E,484,-9.413696875,-16.9235,-2.1539,4.582599467,-9.413696875,-16.9235,-2.1539,4.582599467,-9.359208333,8.973338437,18.33254677
484,E484,E,K,Beta,E,484,23.28340313,-120.9821,761.6797,140.6952518,23.28340313,-120.9821,761.6797,140.6952518,-9.359208333,8.973338437,18.33254677
484,E484,E,K,E484K,E,484,47.35653437,-107.5875,761.6797,167.027089,47.35653437,-107.5875,761.6797,167.027089,-9.359208333,8.973338437,18.33254677
484,E484,E,K,Gamma,E,484,23.28340312,-120.9821,761.6797,140.6952518,23.28340312,-120.9821,761.6797,140.6952518,-9.359208333,8.973338437,18.33254677
484,E484,E,Q,E484Q,E,484,-2.094978125,-73.8381,81.6415,22.06881671,-2.094978125,-73.8381,81.6415,22.06881671,-9.359208333,8.973338437,18.33254677
484,E484,E,Q,Kappa,E,484,-2.094978125,-73.8381,81.6415,22.06881671,-2.094978125,-73.8381,81.6415,22.06881671,-9.359208333,8.973338437,18.33254677
486,F486,F,F,Alpha,E,486,-2170.560045,-2410.4885,-1905.1267,157.4090769,-2170.560045,-2410.4885,-1905.1267,157.4090769,-2166.180411,-3074.177168,-907.9967574
486,F486,F,F,BA1,E,486,-2165.567236,-2410.4885,-1905.1267,156.5258692,-2165.567236,-2410.4885,-1905.1267,156.5258692,-2166.180411,-3074.177168,-907.9967574
486,F486,F,F,BA2,E,486,-2165.567236,-2410.4885,-1905.1267,156.5258692,-2165.567236,-2410.4885,-1905.1267,156.5258692,-2166.180411,-3074.177168,-907.9967574
486,F486,F,F,BA3,E,486,-2165.567236,-2410.4885,-1905.1267,156.5258692,-2165.567236,-2410.4885,-1905.1267,156.5258692,-2166.180411,-3074.177168,-907.9967574
486,F486,F,F,Beta,E,486,-2165.567236,-2410.4885,-1905.1267,156.5258692,-2165.567236,-2410.4885,-1905.1267,156.5258692,-2166.180411,-3074.177168,-907.9967574
486,F486,F,F,D405N,E,486,-2165.567236,-2410.4885,-1905.1267,156.5258692,-2165.567236,-2410.4885,-1905.1267,156.5258692,-2166.180411,-3074.177168,-907.9967574
486,F486,F,F,Delta,E,486,-2165.567236,-2410.4885,-1905.1267,156.5258692,-2165.567236,-2410.4885,-1905.1267,156.5258692,-2166.180411,-3074.177168,-907.9967574
486,F486,F,F,E484A,E,486,-2165.567236,-2410.4885,-1905.1267,156.5258692,-2165.567236,-2410.4885,-1905.1267,156.5258692,-2166.180411,-3074.177168,-907.9967574
486,F486,F,F,E484K,E,486,-2165.567236,-2410.4885,-1905.1267,156.5258692,-2165.567236,-2410.4885,-1905.1267,156.5258692,-2166.180411,-3074.177168,-907.9967574
486,F486,F,F,E484Q,E,486,-2165.567236,-2410.4885,-1905.1267,156.5258692,-2165.567236,-2410.4885,-1905.1267,156.5258692,-2166.180411,-3074.177168,-907.9967574
486,F486,F,F,F490S,E,486,-2165.567236,-2410.4885,-1905.1267,156.5258692,-2165.567236,-2410.4885,-1905.1267,156.5258692,-2166.180411,-3074.177168,-907.9967574
486,F486,F,F,G446S,E,486,-2165.567236,-2410.4885,-1905.1267,156.5258692,-2165.567236,-2410.4885,-1905.1267,156.5258692,-2166.180411,-3074.177168,-907.9967574
486,F486,F,F,G496S,E,486,-2165.567236,-2410.4885,-1905.1267,156.5258692,-2165.567236,-2410.4885,-1905.1267,156.5258692,-2166.180411,-3074.177168,-907.9967574
486,F486,F,F,Gamma,E,486,-2165.567236,-2410.4885,-1905.1267,156.5258692,-2165.567236,-2410.4885,-1905.1267,156.5258692,-2166.180411,-3074.177168,-907.9967574
486,F486,F,F,K417N,E,486,-2165.567236,-2410.4885,-1905.1267,156.5258692,-2165.567236,-2410.4885,-1905.1267,156.5258692,-2166.180411,-3074.177168,-907.9967574
486,F486,F,F,K417T,E,486,-2165.567236,-2410.4885,-1905.1267,156.5258692,-2165.567236,-2410.4885,-1905.1267,156.5258692,-2166.180411,-3074.177168,-907.9967574
486,F486,F,F,Kappa,E,486,-2165.567236,-2410.4885,-1905.1267,156.5258692,-2165.567236,-2410.4885,-1905.1267,156.5258692,-2166.180411,-3074.177168,-907.9967574
486,F486,F,F,L452Q,E,486,-2165.567236,-2410.4885,-1905.1267,156.5258692,-2165.567236,-2410.4885,-1905.1267,156.5258692,-2166.180411,-3074.177168,-907.9967574
486,F486,F,F,L452R,E,486,-2165.567236,-2410.4885,-1905.1267,156.5258692,-2165.567236,-2410.4885,-1905.1267,156.5258692,-2166.180411,-3074.177168,-907.9967574
486,F486,F,F,Lambda,E,486,-2165.567236,-2410.4885,-1905.1267,156.5258692,-2165.567236,-2410.4885,-1905.1267,156.5258692,-2166.180411,-3074.177168,-907.9967574
486,F486,F,F,N440K,E,486,-2165.567236,-2410.4885,-1905.1267,156.5258692,-2165.567236,-2410.4885,-1905.1267,156.5258692,-2166.180411,-3074.177168,-907.9967574
486,F486,F,F,N501Y,E,486,-2170.560045,-2410.4885,-1905.1267,157.4090769,-2170.560045,-2410.4885,-1905.1267,157.4090769,-2166.180411,-3074.177168,-907.9967574
486,F486,F,F,Q493R,E,486,-2165.567236,-2410.4885,-1905.1267,156.5258692,-2165.567236,-2410.4885,-1905.1267,156.5258692,-2166.180411,-3074.177168,-907.9967574
486,F486,F,F,Q498R,E,486,-2165.567236,-2410.4885,-1905.1267,156.5258692,-2165.567236,-2410.4885,-1905.1267,156.5258692,-2166.180411,-3074.177168,-907.9967574
486,F486,F,F,R408S,E,486,-2165.567236,-2410.4885,-1905.1267,156.5258692,-2165.567236,-2410.4885,-1905.1267,156.5258692,-2166.180411,-3074.177168,-907.9967574
486,F486,F,F,S477N,E,486,-2165.567236,-2410.4885,-1905.1267,156.5258692,-2165.567236,-2410.4885,-1905.1267,156.5258692,-2166.180411,-3074.177168,-907.9967574
486,F486,F,F,T478K,E,486,-2165.567236,-2410.4885,-1905.1267,156.5258692,-2165.567236,-2410.4885,-1905.1267,156.5258692,-2166.180411,-3074.177168,-907.9967574
486,F486,F,F,WT,E,486,-2165.567236,-2410.4885,-1905.1267,156.5258692,-2165.567236,-2410.4885,-1905.1267,156.5258692,-2166.180411,-3074.177168,-907.9967574
486,F486,F,F,Y505H,E,486,-2173.36368,-2410.4885,-1905.1267,155.8175069,-2173.36368,-2410.4885,-1905.1267,155.8175069,-2166.180411,-3074.177168,-907.9967574
486,F486,F,V,BA4,E,486,-3075.579959,-3353.02645,-2759.90715,166.9445805,-3075.579959,-3353.02645,-2759.90715,166.9445805,-2166.180411,-3074.177168,-907.9967574
486,F486,F,V,F486V,E,486,-3072.774377,-3353.892,-2759.56255,172.2949684,-3072.774377,-3353.892,-2759.56255,172.2949684,-2166.180411,-3074.177168,-907.9967574
490,F490,F,F,Alpha,E,490,-1719.300223,-2129.8002,-1354.05115,246.510878,-1719.300223,-2129.8002,-1354.05115,246.510878,-1714.527501,-2377.866738,-663.3392366
490,F490,F,F,BA1,E,490,-1732.540791,-2169.46015,-1357.10165,236.3618168,-1732.540791,-2169.46015,-1357.10165,236.3618168,-1714.527501,-2377.866738,-663.3392366
490,F490,F,F,BA2,E,490,-1732.540791,-2169.46015,-1357.10165,236.3618168,-1732.540791,-2169.46015,-1357.10165,236.3618168,-1714.527501,-2377.866738,-663.3392366
490,F490,F,F,BA3,E,490,-1732.540791,-2169.46015,-1357.10165,236.3618168,-1732.540791,-2169.46015,-1357.10165,236.3618168,-1714.527501,-2377.866738,-663.3392366
490,F490,F,F,BA4,E,490,-1711.366923,-2129.7742,-1357.10165,245.3378721,-1711.366923,-2129.7742,-1357.10165,245.3378721,-1714.527501,-2377.866738,-663.3392366
490,F490,F,F,Beta,E,490,-1711.371127,-2129.7742,-1357.10165,245.3336726,-1711.371127,-2129.7742,-1357.10165,245.3336726,-1714.527501,-2377.866738,-663.3392366
490,F490,F,F,D405N,E,490,-1710.249408,-2129.8002,-1354.05115,245.8637597,-1710.249408,-2129.8002,-1354.05115,245.8637597,-1714.527501,-2377.866738,-663.3392366
490,F490,F,F,Delta,E,490,-1710.249408,-2129.8002,-1354.05115,245.8637597,-1710.249408,-2129.8002,-1354.05115,245.8637597,-1714.527501,-2377.866738,-663.3392366
490,F490,F,F,E484A,E,490,-1711.366923,-2129.7742,-1357.10165,245.3378721,-1711.366923,-2129.7742,-1357.10165,245.3378721,-1714.527501,-2377.866738,-663.3392366
490,F490,F,F,E484K,E,490,-1710.279142,-2129.7742,-1357.10165,245.5794547,-1710.279142,-2129.7742,-1357.10165,245.5794547,-1714.527501,-2377.866738,-663.3392366
490,F490,F,F,E484Q,E,490,-1711.160267,-2129.7742,-1357.10165,245.3062969,-1711.160267,-2129.7742,-1357.10165,245.3062969,-1714.527501,-2377.866738,-663.3392366
490,F490,F,F,F486V,E,490,-1710.249408,-2129.8002,-1354.05115,245.8637597,-1710.249408,-2129.8002,-1354.05115,245.8637597,-1714.527501,-2377.866738,-663.3392366
490,F490,F,F,G446S,E,490,-1710.249408,-2129.8002,-1354.05115,245.8637597,-1710.249408,-2129.8002,-1354.05115,245.8637597,-1714.527501,-2377.866738,-663.3392366
490,F490,F,F,G496S,E,490,-1710.249408,-2129.8002,-1354.05115,245.8637597,-1710.249408,-2129.8002,-1354.05115,245.8637597,-1714.527501,-2377.866738,-663.3392366
490,F490,F,F,Gamma,E,490,-1711.371127,-2129.7742,-1357.10165,245.3336726,-1711.371127,-2129.7742,-1357.10165,245.3336726,-1714.527501,-2377.866738,-663.3392366
490,F490,F,F,K417N,E,490,-1710.249408,-2129.8002,-1354.05115,245.8637597,-1710.249408,-2129.8002,-1354.05115,245.8637597,-1714.527501,-2377.866738,-663.3392366
490,F490,F,F,K417T,E,490,-1710.249408,-2129.8002,-1354.05115,245.8637597,-1710.249408,-2129.8002,-1354.05115,245.8637597,-1714.527501,-2377.866738,-663.3392366
490,F490,F,F,Kappa,E,490,-1711.160267,-2129.7742,-1357.10165,245.3062969,-1711.160267,-2129.7742,-1357.10165,245.3062969,-1714.527501,-2377.866738,-663.3392366
490,F490,F,F,L452Q,E,490,-1710.249408,-2129.8002,-1354.05115,245.8637597,-1710.249408,-2129.8002,-1354.05115,245.8637597,-1714.527501,-2377.866738,-663.3392366
490,F490,F,F,L452R,E,490,-1710.249408,-2129.8002,-1354.05115,245.8637597,-1710.249408,-2129.8002,-1354.05115,245.8637597,-1714.527501,-2377.866738,-663.3392366
490,F490,F,F,N440K,E,490,-1710.249408,-2129.8002,-1354.05115,245.8637597,-1710.249408,-2129.8002,-1354.05115,245.8637597,-1714.527501,-2377.866738,-663.3392366
490,F490,F,F,N501Y,E,490,-1719.300223,-2129.8002,-1354.05115,246.510878,-1719.300223,-2129.8002,-1354.05115,246.510878,-1714.527501,-2377.866738,-663.3392366
490,F490,F,F,Q493R,E,490,-1729.655436,-2169.46015,-1354.05115,236.1122599,-1729.655436,-2169.46015,-1354.05115,236.1122599,-1714.527501,-2377.866738,-663.3392366
490,F490,F,F,Q498R,E,490,-1710.249408,-2129.8002,-1354.05115,245.8637597,-1710.249408,-2129.8002,-1354.05115,245.8637597,-1714.527501,-2377.866738,-663.3392366
490,F490,F,F,R408S,E,490,-1710.249408,-2129.8002,-1354.05115,245.8637597,-1710.249408,-2129.8002,-1354.05115,245.8637597,-1714.527501,-2377.866738,-663.3392366
490,F490,F,F,S477N,E,490,-1710.249408,-2129.8002,-1354.05115,245.8637597,-1710.249408,-2129.8002,-1354.05115,245.8637597,-1714.527501,-2377.866738,-663.3392366
490,F490,F,F,T478K,E,490,-1710.249408,-2129.8002,-1354.05115,245.8637597,-1710.249408,-2129.8002,-1354.05115,245.8637597,-1714.527501,-2377.866738,-663.3392366
490,F490,F,F,WT,E,490,-1710.249408,-2129.8002,-1354.05115,245.8637597,-1710.249408,-2129.8002,-1354.05115,245.8637597,-1714.527501,-2377.866738,-663.3392366
490,F490,F,F,Y505H,E,490,-1723.602391,-2129.8002,-1354.05115,243.7681723,-1723.602391,-2129.8002,-1354.05115,243.7681723,-1714.527501,-2377.866738,-663.3392366
490,F490,F,S,F490S,E,490,-2377.866738,-2955.6648,-2121.45825,187.0546272,-2377.866738,-2955.6648,-2121.45825,187.0546272,-1714.527501,-2377.866738,-663.3392366
490,F490,F,S,Lambda,E,490,-2377.866738,-2955.6648,-2121.45825,187.0546272,-2377.866738,-2955.6648,-2121.45825,187.0546272,-1714.527501,-2377.866738,-663.3392366
493,Q493,Q,Q,Alpha,E,493,-6413.422023,-6761.692,-6027.69485,181.7875201,-6413.422023,-6761.692,-6027.69485,181.7875201,-6420.065051,-5080.483896,1339.581155
493,Q493,Q,Q,BA4,E,493,-6423.763209,-6761.692,-6027.69485,186.8565034,-6423.763209,-6761.692,-6027.69485,186.8565034,-6420.065051,-5080.483896,1339.581155
493,Q493,Q,Q,Beta,E,493,-6423.763209,-6761.692,-6027.69485,186.8565034,-6423.763209,-6761.692,-6027.69485,186.8565034,-6420.065051,-5080.483896,1339.581155
493,Q493,Q,Q,D405N,E,493,-6423.763209,-6761.692,-6027.69485,186.8565034,-6423.763209,-6761.692,-6027.69485,186.8565034,-6420.065051,-5080.483896,1339.581155
493,Q493,Q,Q,Delta,E,493,-6423.763209,-6761.692,-6027.69485,186.8565034,-6423.763209,-6761.692,-6027.69485,186.8565034,-6420.065051,-5080.483896,1339.581155
493,Q493,Q,Q,E484A,E,493,-6423.763209,-6761.692,-6027.69485,186.8565034,-6423.763209,-6761.692,-6027.69485,186.8565034,-6420.065051,-5080.483896,1339.581155
493,Q493,Q,Q,E484K,E,493,-6423.763209,-6761.692,-6027.69485,186.8565034,-6423.763209,-6761.692,-6027.69485,186.8565034,-6420.065051,-5080.483896,1339.581155
493,Q493,Q,Q,E484Q,E,493,-6423.763209,-6761.692,-6027.69485,186.8565034,-6423.763209,-6761.692,-6027.69485,186.8565034,-6420.065051,-5080.483896,1339.581155
493,Q493,Q,Q,F486V,E,493,-6423.763209,-6761.692,-6027.69485,186.8565034,-6423.763209,-6761.692,-6027.69485,186.8565034,-6420.065051,-5080.483896,1339.581155
493,Q493,Q,Q,F490S,E,493,-6383.863913,-6761.692,-6062.78085,184.4923405,-6383.863913,-6761.692,-6062.78085,184.4923405,-6420.065051,-5080.483896,1339.581155
493,Q493,Q,Q,G446S,E,493,-6423.763209,-6761.692,-6027.69485,186.8565034,-6423.763209,-6761.692,-6027.69485,186.8565034,-6420.065051,-5080.483896,1339.581155
493,Q493,Q,Q,G496S,E,493,-6423.763209,-6761.692,-6027.69485,186.8565034,-6423.763209,-6761.692,-6027.69485,186.8565034,-6420.065051,-5080.483896,1339.581155
493,Q493,Q,Q,Gamma,E,493,-6423.763209,-6761.692,-6027.69485,186.8565034,-6423.763209,-6761.692,-6027.69485,186.8565034,-6420.065051,-5080.483896,1339.581155
493,Q493,Q,Q,K417N,E,493,-6423.763209,-6761.692,-6027.69485,186.8565034,-6423.763209,-6761.692,-6027.69485,186.8565034,-6420.065051,-5080.483896,1339.581155
493,Q493,Q,Q,K417T,E,493,-6423.763209,-6761.692,-6027.69485,186.8565034,-6423.763209,-6761.692,-6027.69485,186.8565034,-6420.065051,-5080.483896,1339.581155
493,Q493,Q,Q,Kappa,E,493,-6423.763209,-6761.692,-6027.69485,186.8565034,-6423.763209,-6761.692,-6027.69485,186.8565034,-6420.065051,-5080.483896,1339.581155
493,Q493,Q,Q,L452Q,E,493,-6423.763209,-6761.692,-6027.69485,186.8565034,-6423.763209,-6761.692,-6027.69485,186.8565034,-6420.065051,-5080.483896,1339.581155
493,Q493,Q,Q,L452R,E,493,-6423.763209,-6761.692,-6027.69485,186.8565034,-6423.763209,-6761.692,-6027.69485,186.8565034,-6420.065051,-5080.483896,1339.581155
493,Q493,Q,Q,Lambda,E,493,-6383.863913,-6761.692,-6062.78085,184.4923405,-6383.863913,-6761.692,-6062.78085,184.4923405,-6420.065051,-5080.483896,1339.581155
493,Q493,Q,Q,N440K,E,493,-6423.763209,-6761.692,-6027.69485,186.8565034,-6423.763209,-6761.692,-6027.69485,186.8565034,-6420.065051,-5080.483896,1339.581155
493,Q493,Q,Q,N501Y,E,493,-6413.422023,-6761.692,-6027.69485,181.7875201,-6413.422023,-6761.692,-6027.69485,181.7875201,-6420.065051,-5080.483896,1339.581155
493,Q493,Q,Q,Q498R,E,493,-6423.763209,-6761.692,-6027.69485,186.8565034,-6423.763209,-6761.692,-6027.69485,186.8565034,-6420.065051,-5080.483896,1339.581155
493,Q493,Q,Q,R408S,E,493,-6423.763209,-6761.692,-6027.69485,186.8565034,-6423.763209,-6761.692,-6027.69485,186.8565034,-6420.065051,-5080.483896,1339.581155
493,Q493,Q,Q,S477N,E,493,-6423.763209,-6761.692,-6027.69485,186.8565034,-6423.763209,-6761.692,-6027.69485,186.8565034,-6420.065051,-5080.483896,1339.581155
493,Q493,Q,Q,T478K,E,493,-6423.763209,-6761.692,-6027.69485,186.8565034,-6423.763209,-6761.692,-6027.69485,186.8565034,-6420.065051,-5080.483896,1339.581155
493,Q493,Q,Q,WT,E,493,-6423.763209,-6761.692,-6027.69485,186.8565034,-6423.763209,-6761.692,-6027.69485,186.8565034,-6420.065051,-5080.483896,1339.581155
493,Q493,Q,Q,Y505H,E,493,-6424.393898,-6761.692,-6027.69485,186.5911093,-6424.393898,-6761.692,-6027.69485,186.5911093,-6420.065051,-5080.483896,1339.581155
493,Q493,Q,R,BA1,E,493,-5098.975449,-7715.252625,-1967.871231,2039.705211,-5098.975449,-7715.252625,-1967.871231,2039.705211,-6420.065051,-5080.483896,1339.581155
493,Q493,Q,R,BA2,E,493,-5141.154858,-7746.358356,-1967.871231,2085.574353,-5141.154858,-7746.358356,-1967.871231,2085.574353,-6420.065051,-5080.483896,1339.581155
493,Q493,Q,R,BA3,E,493,-5130.494894,-7746.358356,-1967.871231,2073.952456,-5130.494894,-7746.358356,-1967.871231,2073.952456,-6420.065051,-5080.483896,1339.581155
493,Q493,Q,R,Q493R,E,493,-4951.310382,-7746.358356,-1687.784505,2076.770629,-4951.310382,-7746.358356,-1687.784505,2076.770629,-6420.065051,-5080.483896,1339.581155
496,G496,G,G,Alpha,E,496,-2197.699438,-2444.49715,-1851.2024,193.1591245,-2197.699438,-2444.49715,-1851.2024,193.1591245,-2395.589911,-2847.402237,-451.8123264
496,G496,G,G,BA2,E,496,-2089.364411,-2389.25195,-1782.6076,172.5116622,-2089.364411,-2389.25195,-1782.6076,172.5116622,-2395.589911,-2847.402237,-451.8123264
496,G496,G,G,BA3,E,496,-2089.364411,-2389.25195,-1782.6076,172.5116622,-2089.364411,-2389.25195,-1782.6076,172.5116622,-2395.589911,-2847.402237,-451.8123264
496,G496,G,G,BA4,E,496,-2096.413192,-2389.25195,-1782.6076,171.7769704,-2096.413192,-2389.25195,-1782.6076,171.7769704,-2395.589911,-2847.402237,-451.8123264
496,G496,G,G,Beta,E,496,-2206.630578,-2444.49715,-1851.2024,190.4775095,-2206.630578,-2444.49715,-1851.2024,190.4775095,-2395.589911,-2847.402237,-451.8123264
496,G496,G,G,D405N,E,496,-2470.284913,-2565.52365,-2360.04165,53.90374339,-2470.284913,-2565.52365,-2360.04165,53.90374339,-2395.589911,-2847.402237,-451.8123264
496,G496,G,G,Delta,E,496,-2470.284913,-2565.52365,-2360.04165,53.90374339,-2470.284913,-2565.52365,-2360.04165,53.90374339,-2395.589911,-2847.402237,-451.8123264
496,G496,G,G,E484A,E,496,-2470.284913,-2565.52365,-2360.04165,53.90374339,-2470.284913,-2565.52365,-2360.04165,53.90374339,-2395.589911,-2847.402237,-451.8123264
496,G496,G,G,E484K,E,496,-2470.284913,-2565.52365,-2360.04165,53.90374339,-2470.284913,-2565.52365,-2360.04165,53.90374339,-2395.589911,-2847.402237,-451.8123264
496,G496,G,G,E484Q,E,496,-2470.284913,-2565.52365,-2360.04165,53.90374339,-2470.284913,-2565.52365,-2360.04165,53.90374339,-2395.589911,-2847.402237,-451.8123264
496,G496,G,G,F486V,E,496,-2470.284913,-2565.52365,-2360.04165,53.90374339,-2470.284913,-2565.52365,-2360.04165,53.90374339,-2395.589911,-2847.402237,-451.8123264
496,G496,G,G,F490S,E,496,-2470.284913,-2565.52365,-2360.04165,53.90374339,-2470.284913,-2565.52365,-2360.04165,53.90374339,-2395.589911,-2847.402237,-451.8123264
496,G496,G,G,G446S,E,496,-2470.284913,-2565.52365,-2360.04165,53.90374339,-2470.284913,-2565.52365,-2360.04165,53.90374339,-2395.589911,-2847.402237,-451.8123264
496,G496,G,G,Gamma,E,496,-2206.630578,-2444.49715,-1851.2024,190.4775095,-2206.630578,-2444.49715,-1851.2024,190.4775095,-2395.589911,-2847.402237,-451.8123264
496,G496,G,G,K417N,E,496,-2470.284913,-2565.52365,-2360.04165,53.90374339,-2470.284913,-2565.52365,-2360.04165,53.90374339,-2395.589911,-2847.402237,-451.8123264
496,G496,G,G,K417T,E,496,-2470.284912,-2565.52365,-2360.04165,53.90374339,-2470.284912,-2565.52365,-2360.04165,53.90374339,-2395.589911,-2847.402237,-451.8123264
496,G496,G,G,Kappa,E,496,-2470.284912,-2565.52365,-2360.04165,53.90374339,-2470.284912,-2565.52365,-2360.04165,53.90374339,-2395.589911,-2847.402237,-451.8123264
496,G496,G,G,L452Q,E,496,-2470.284913,-2565.52365,-2360.04165,53.90374339,-2470.284913,-2565.52365,-2360.04165,53.90374339,-2395.589911,-2847.402237,-451.8123264
496,G496,G,G,L452R,E,496,-2470.284912,-2565.52365,-2360.04165,53.90374339,-2470.284912,-2565.52365,-2360.04165,53.90374339,-2395.589911,-2847.402237,-451.8123264
496,G496,G,G,Lambda,E,496,-2470.284913,-2565.52365,-2360.04165,53.90374339,-2470.284913,-2565.52365,-2360.04165,53.90374339,-2395.589911,-2847.402237,-451.8123264
496,G496,G,G,N440K,E,496,-2470.284913,-2565.52365,-2360.04165,53.90374339,-2470.284913,-2565.52365,-2360.04165,53.90374339,-2395.589911,-2847.402237,-451.8123264
496,G496,G,G,N501Y,E,496,-2197.699438,-2444.49715,-1851.2024,193.1591245,-2197.699438,-2444.49715,-1851.2024,193.1591245,-2395.589911,-2847.402237,-451.8123264
496,G496,G,G,Q493R,E,496,-2463.236131,-2527.09765,-2360.04165,50.74505522,-2463.236131,-2527.09765,-2360.04165,50.74505522,-2395.589911,-2847.402237,-451.8123264
496,G496,G,G,Q498R,E,496,-2517.572097,-2604.6167,-2305.2914,66.01077443,-2517.572097,-2604.6167,-2305.2914,66.01077443,-2395.589911,-2847.402237,-451.8123264
496,G496,G,G,R408S,E,496,-2470.284913,-2565.52365,-2360.04165,53.90374339,-2470.284913,-2565.52365,-2360.04165,53.90374339,-2395.589911,-2847.402237,-451.8123264
496,G496,G,G,S477N,E,496,-2470.284912,-2565.52365,-2360.04165,53.90374339,-2470.284912,-2565.52365,-2360.04165,53.90374339,-2395.589911,-2847.402237,-451.8123264
496,G496,G,G,T478K,E,496,-2470.284913,-2565.52365,-2360.04165,53.90374339,-2470.284913,-2565.52365,-2360.04165,53.90374339,-2395.589911,-2847.402237,-451.8123264
496,G496,G,G,WT,E,496,-2470.284913,-2565.52365,-2360.04165,53.90374339,-2470.284913,-2565.52365,-2360.04165,53.90374339,-2395.589911,-2847.402237,-451.8123264
496,G496,G,G,Y505H,E,496,-2472.083789,-2565.52365,-2360.04165,54.3514196,-2472.083789,-2565.52365,-2360.04165,54.3514196,-2395.589911,-2847.402237,-451.8123264
496,G496,G,S,BA1,E,496,-2666.040041,-3502.1204,-2185.61305,265.5042741,-2666.040041,-3502.1204,-2185.61305,265.5042741,-2395.589911,-2847.402237,-451.8123264
496,G496,G,S,G496S,E,496,-3028.764433,-3789.3056,-2571.62375,267.7115279,-3028.764433,-3789.3056,-2571.62375,267.7115279,-2395.589911,-2847.402237,-451.8123264
498,Q498,Q,Q,Alpha,E,498,-712.684782,-877.4782,-495.47905,100.2398096,-712.684782,-877.4782,-495.47905,100.2398096,-1075.430342,-3251.987481,-2176.557139
498,Q498,Q,Q,Beta,E,498,-712.4235617,-877.4782,-495.47905,100.0362132,-712.4235617,-877.4782,-495.47905,100.0362132,-1075.430342,-3251.987481,-2176.557139
498,Q498,Q,Q,D405N,E,498,-1144.280255,-1260.55635,-947.202,92.79742077,-1144.280255,-1260.55635,-947.202,92.79742077,-1075.430342,-3251.987481,-2176.557139
498,Q498,Q,Q,Delta,E,498,-1144.280255,-1260.55635,-947.202,92.79742077,-1144.280255,-1260.55635,-947.202,92.79742077,-1075.430342,-3251.987481,-2176.557139
498,Q498,Q,Q,E484A,E,498,-1144.280255,-1260.55635,-947.202,92.79742077,-1144.280255,-1260.55635,-947.202,92.79742077,-1075.430342,-3251.987481,-2176.557139
498,Q498,Q,Q,E484K,E,498,-1144.280255,-1260.55635,-947.202,92.79742077,-1144.280255,-1260.55635,-947.202,92.79742077,-1075.430342,-3251.987481,-2176.557139
498,Q498,Q,Q,E484Q,E,498,-1144.280255,-1260.55635,-947.202,92.79742077,-1144.280255,-1260.55635,-947.202,92.79742077,-1075.430342,-3251.987481,-2176.557139
498,Q498,Q,Q,F486V,E,498,-1144.280255,-1260.55635,-947.202,92.79742077,-1144.280255,-1260.55635,-947.202,92.79742077,-1075.430342,-3251.987481,-2176.557139
498,Q498,Q,Q,F490S,E,498,-1144.280255,-1260.55635,-947.202,92.79742077,-1144.280255,-1260.55635,-947.202,92.79742077,-1075.430342,-3251.987481,-2176.557139
498,Q498,Q,Q,G446S,E,498,-1135.741237,-1252.10555,-942.8109,94.87216882,-1135.741237,-1252.10555,-942.8109,94.87216882,-1075.430342,-3251.987481,-2176.557139
498,Q498,Q,Q,G496S,E,498,-1093.16751,-1204.77195,-935.2532,67.5688478,-1093.16751,-1204.77195,-935.2532,67.5688478,-1075.430342,-3251.987481,-2176.557139
498,Q498,Q,Q,Gamma,E,498,-712.4235617,-877.4782,-495.47905,100.0362132,-712.4235617,-877.4782,-495.47905,100.0362132,-1075.430342,-3251.987481,-2176.557139
498,Q498,Q,Q,K417N,E,498,-1144.280255,-1260.55635,-947.202,92.79742077,-1144.280255,-1260.55635,-947.202,92.79742077,-1075.430342,-3251.987481,-2176.557139
498,Q498,Q,Q,K417T,E,498,-1144.280255,-1260.55635,-947.202,92.79742077,-1144.280255,-1260.55635,-947.202,92.79742077,-1075.430342,-3251.987481,-2176.557139
498,Q498,Q,Q,Kappa,E,498,-1144.280255,-1260.55635,-947.202,92.79742077,-1144.280255,-1260.55635,-947.202,92.79742077,-1075.430342,-3251.987481,-2176.557139
498,Q498,Q,Q,L452Q,E,498,-1144.280255,-1260.55635,-947.202,92.79742077,-1144.280255,-1260.55635,-947.202,92.79742077,-1075.430342,-3251.987481,-2176.557139
498,Q498,Q,Q,L452R,E,498,-1144.280255,-1260.55635,-947.202,92.79742077,-1144.280255,-1260.55635,-947.202,92.79742077,-1075.430342,-3251.987481,-2176.557139
498,Q498,Q,Q,Lambda,E,498,-1144.280255,-1260.55635,-947.202,92.79742077,-1144.280255,-1260.55635,-947.202,92.79742077,-1075.430342,-3251.987481,-2176.557139
498,Q498,Q,Q,N440K,E,498,-1144.280255,-1260.55635,-947.202,92.79742077,-1144.280255,-1260.55635,-947.202,92.79742077,-1075.430342,-3251.987481,-2176.557139
498,Q498,Q,Q,N501Y,E,498,-712.684782,-877.4782,-495.47905,100.2398096,-712.684782,-877.4782,-495.47905,100.2398096,-1075.430342,-3251.987481,-2176.557139
498,Q498,Q,Q,Q493R,E,498,-1144.280255,-1260.55635,-947.202,92.79742077,-1144.280255,-1260.55635,-947.202,92.79742077,-1075.430342,-3251.987481,-2176.557139
498,Q498,Q,Q,R408S,E,498,-1144.280255,-1260.55635,-947.202,92.79742077,-1144.280255,-1260.55635,-947.202,92.79742077,-1075.430342,-3251.987481,-2176.557139
498,Q498,Q,Q,S477N,E,498,-1144.280255,-1260.55635,-947.202,92.79742077,-1144.280255,-1260.55635,-947.202,92.79742077,-1075.430342,-3251.987481,-2176.557139
498,Q498,Q,Q,T478K,E,498,-1144.280255,-1260.55635,-947.202,92.79742077,-1144.280255,-1260.55635,-947.202,92.79742077,-1075.430342,-3251.987481,-2176.557139
498,Q498,Q,Q,WT,E,498,-1144.280255,-1260.55635,-947.202,92.79742077,-1144.280255,-1260.55635,-947.202,92.79742077,-1075.430342,-3251.987481,-2176.557139
498,Q498,Q,Q,Y505H,E,498,-1140.738604,-1259.0699,-947.202,90.42446929,-1140.738604,-1259.0699,-947.202,90.42446929,-1075.430342,-3251.987481,-2176.557139
498,Q498,Q,R,BA1,E,498,-3240.905227,-8262.404372,-2287.189215,1025.392561,-3240.905227,-8262.404372,-2287.189215,1025.392561,-1075.430342,-3251.987481,-2176.557139
498,Q498,Q,R,BA2,E,498,-3192.788799,-6912.176747,-1020.420689,1070.980173,-3192.788799,-6912.176747,-1020.420689,1070.980173,-1075.430342,-3251.987481,-2176.557139
498,Q498,Q,R,BA3,E,498,-3192.788799,-6912.176747,-1020.420689,1070.980173,-3192.788799,-6912.176747,-1020.420689,1070.980173,-1075.430342,-3251.987481,-2176.557139
498,Q498,Q,R,BA4,E,498,-3192.788799,-6912.176747,-1020.420689,1070.980173,-3192.788799,-6912.176747,-1020.420689,1070.980173,-1075.430342,-3251.987481,-2176.557139
498,Q498,Q,R,Q498R,E,498,-3440.665779,-6810.748128,-1357.188888,962.5023194,-3440.665779,-6810.748128,-1357.188888,962.5023194,-1075.430342,-3251.987481,-2176.557139
501,N501,N,N,D405N,E,501,-2570.8372,-2816.85605,-2319.216,138.1048326,-2570.8372,-2816.85605,-2319.216,138.1048326,-2569.697933,-4081.093125,-1511.395193
501,N501,N,N,Delta,E,501,-2570.8372,-2816.85605,-2319.216,138.1048326,-2570.8372,-2816.85605,-2319.216,138.1048326,-2569.697933,-4081.093125,-1511.395193
501,N501,N,N,E484A,E,501,-2570.8372,-2816.85605,-2319.216,138.1048326,-2570.8372,-2816.85605,-2319.216,138.1048326,-2569.697933,-4081.093125,-1511.395193
501,N501,N,N,E484K,E,501,-2570.8372,-2816.85605,-2319.216,138.1048326,-2570.8372,-2816.85605,-2319.216,138.1048326,-2569.697933,-4081.093125,-1511.395193
501,N501,N,N,E484Q,E,501,-2570.8372,-2816.85605,-2319.216,138.1048326,-2570.8372,-2816.85605,-2319.216,138.1048326,-2569.697933,-4081.093125,-1511.395193
501,N501,N,N,F486V,E,501,-2570.8372,-2816.85605,-2319.216,138.1048326,-2570.8372,-2816.85605,-2319.216,138.1048326,-2569.697933,-4081.093125,-1511.395193
501,N501,N,N,F490S,E,501,-2570.8372,-2816.85605,-2319.216,138.1048326,-2570.8372,-2816.85605,-2319.216,138.1048326,-2569.697933,-4081.093125,-1511.395193
501,N501,N,N,G446S,E,501,-2570.8372,-2816.85605,-2319.216,138.1048326,-2570.8372,-2816.85605,-2319.216,138.1048326,-2569.697933,-4081.093125,-1511.395193
501,N501,N,N,G496S,E,501,-2576.681575,-2822.57055,-2330.645,138.5419208,-2576.681575,-2822.57055,-2330.645,138.5419208,-2569.697933,-4081.093125,-1511.395193
501,N501,N,N,K417N,E,501,-2570.8372,-2816.85605,-2319.216,138.1048326,-2570.8372,-2816.85605,-2319.216,138.1048326,-2569.697933,-4081.093125,-1511.395193
501,N501,N,N,K417T,E,501,-2570.8372,-2816.85605,-2319.216,138.1048326,-2570.8372,-2816.85605,-2319.216,138.1048326,-2569.697933,-4081.093125,-1511.395193
501,N501,N,N,Kappa,E,501,-2570.8372,-2816.85605,-2319.216,138.1048326,-2570.8372,-2816.85605,-2319.216,138.1048326,-2569.697933,-4081.093125,-1511.395193
501,N501,N,N,L452Q,E,501,-2570.8372,-2816.85605,-2319.216,138.1048326,-2570.8372,-2816.85605,-2319.216,138.1048326,-2569.697933,-4081.093125,-1511.395193
501,N501,N,N,L452R,E,501,-2570.8372,-2816.85605,-2319.216,138.1048326,-2570.8372,-2816.85605,-2319.216,138.1048326,-2569.697933,-4081.093125,-1511.395193
501,N501,N,N,Lambda,E,501,-2570.8372,-2816.85605,-2319.216,138.1048326,-2570.8372,-2816.85605,-2319.216,138.1048326,-2569.697933,-4081.093125,-1511.395193
501,N501,N,N,N440K,E,501,-2570.8372,-2816.85605,-2319.216,138.1048326,-2570.8372,-2816.85605,-2319.216,138.1048326,-2569.697933,-4081.093125,-1511.395193
501,N501,N,N,Q493R,E,501,-2570.8372,-2816.85605,-2319.216,138.1048326,-2570.8372,-2816.85605,-2319.216,138.1048326,-2569.697933,-4081.093125,-1511.395193
501,N501,N,N,Q498R,E,501,-2563.523998,-2827.76675,-2100.1277,161.1257526,-2563.523998,-2827.76675,-2100.1277,161.1257526,-2569.697933,-4081.093125,-1511.395193
501,N501,N,N,R408S,E,501,-2570.8372,-2816.85605,-2319.216,138.1048326,-2570.8372,-2816.85605,-2319.216,138.1048326,-2569.697933,-4081.093125,-1511.395193
501,N501,N,N,S477N,E,501,-2570.8372,-2816.85605,-2319.216,138.1048326,-2570.8372,-2816.85605,-2319.216,138.1048326,-2569.697933,-4081.093125,-1511.395193
501,N501,N,N,T478K,E,501,-2570.8372,-2816.85605,-2319.216,138.1048326,-2570.8372,-2816.85605,-2319.216,138.1048326,-2569.697933,-4081.093125,-1511.395193
501,N501,N,N,WT,E,501,-2570.8372,-2816.85605,-2319.216,138.1048326,-2570.8372,-2816.85605,-2319.216,138.1048326,-2569.697933,-4081.093125,-1511.395193
501,N501,N,N,Y505H,E,501,-2546.102875,-2796.88115,-2265.4127,143.3651933,-2546.102875,-2796.88115,-2265.4127,143.3651933,-2569.697933,-4081.093125,-1511.395193
501,N501,N,Y,Alpha,E,501,-4138.030395,-4621.8473,-3573.42185,273.1894924,-4138.030395,-4621.8473,-3573.42185,273.1894924,-2569.697933,-4081.093125,-1511.395193
501,N501,N,Y,BA1,E,501,-3983.160101,-4624.4808,-2011.879425,657.8254807,-3983.160101,-4624.4808,-2011.879425,657.8254807,-2569.697933,-4081.093125,-1511.395193
501,N501,N,Y,BA2,E,501,-4019.534184,-4994.83785,-1655.85275,703.2228137,-4019.534184,-4994.83785,-1655.85275,703.2228137,-2569.697933,-4081.093125,-1511.395193
501,N501,N,Y,BA3,E,501,-4019.534184,-4994.83785,-1655.85275,703.2228137,-4019.534184,-4994.83785,-1655.85275,703.2228137,-2569.697933,-4081.093125,-1511.395193
501,N501,N,Y,BA4,E,501,-4019.534184,-4994.83785,-1655.85275,703.2228137,-4019.534184,-4994.83785,-1655.85275,703.2228137,-2569.697933,-4081.093125,-1511.395193
501,N501,N,Y,Beta,E,501,-4165.46078,-4621.8473,-3573.42185,273.4731719,-4165.46078,-4621.8473,-3573.42185,273.4731719,-2569.697933,-4081.093125,-1511.395193
501,N501,N,Y,Gamma,E,501,-4165.46078,-4621.8473,-3573.42185,273.4731719,-4165.46078,-4621.8473,-3573.42185,273.4731719,-2569.697933,-4081.093125,-1511.395193
501,N501,N,Y,N501Y,E,501,-4138.030395,-4621.8473,-3573.42185,273.1894924,-4138.030395,-4621.8473,-3573.42185,273.1894924,-2569.697933,-4081.093125,-1511.395193
505,Y505,Y,H,BA1,E,505,-4159.854995,-5526.946025,-420.3091,1263.894579,-4159.854995,-5526.946025,-420.3091,1263.894579,-4974.26749,-4340.924928,633.3425624
505,Y505,Y,H,BA2,E,505,-4289.455957,-5558.7097,-831.98645,1267.760703,-4289.455957,-5558.7097,-831.98645,1267.760703,-4974.26749,-4340.924928,633.3425624
505,Y505,Y,H,BA3,E,505,-4289.455957,-5558.7097,-831.98645,1267.760703,-4289.455957,-5558.7097,-831.98645,1267.760703,-4974.26749,-4340.924928,633.3425624
505,Y505,Y,H,BA4,E,505,-4289.455957,-5558.7097,-831.98645,1267.760703,-4289.455957,-5558.7097,-831.98645,1267.760703,-4974.26749,-4340.924928,633.3425624
505,Y505,Y,H,Y505H,E,505,-4676.401773,-5717.26935,-3835.8737,525.9471809,-4676.401773,-5717.26935,-3835.8737,525.9471809,-4974.26749,-4340.924928,633.3425624
505,Y505,Y,Y,Alpha,E,505,-4963.696198,-5186.708675,-4778.95425,109.4911888,-4963.696198,-5186.708675,-4778.95425,109.4911888,-4974.26749,-4340.924928,633.3425624
505,Y505,Y,Y,Beta,E,505,-4959.908325,-5186.708675,-4737.157,115.0262603,-4959.908325,-5186.708675,-4737.157,115.0262603,-4974.26749,-4340.924928,633.3425624
505,Y505,Y,Y,D405N,E,505,-4976.56727,-5148.599625,-4680.67925,109.7556847,-4976.56727,-5148.599625,-4680.67925,109.7556847,-4974.26749,-4340.924928,633.3425624
505,Y505,Y,Y,Delta,E,505,-4976.56727,-5148.599625,-4680.67925,109.7556847,-4976.56727,-5148.599625,-4680.67925,109.7556847,-4974.26749,-4340.924928,633.3425624
505,Y505,Y,Y,E484A,E,505,-4976.56727,-5148.599625,-4680.67925,109.7556847,-4976.56727,-5148.599625,-4680.67925,109.7556847,-4974.26749,-4340.924928,633.3425624
505,Y505,Y,Y,E484K,E,505,-4976.56727,-5148.599625,-4680.67925,109.7556847,-4976.56727,-5148.599625,-4680.67925,109.7556847,-4974.26749,-4340.924928,633.3425624
505,Y505,Y,Y,E484Q,E,505,-4976.56727,-5148.599625,-4680.67925,109.7556847,-4976.56727,-5148.599625,-4680.67925,109.7556847,-4974.26749,-4340.924928,633.3425624
505,Y505,Y,Y,F486V,E,505,-4976.56727,-5148.599625,-4680.67925,109.7556847,-4976.56727,-5148.599625,-4680.67925,109.7556847,-4974.26749,-4340.924928,633.3425624
505,Y505,Y,Y,F490S,E,505,-4976.56727,-5148.599625,-4680.67925,109.7556847,-4976.56727,-5148.599625,-4680.67925,109.7556847,-4974.26749,-4340.924928,633.3425624
505,Y505,Y,Y,G446S,E,505,-4976.56727,-5148.599625,-4680.67925,109.7556847,-4976.56727,-5148.599625,-4680.67925,109.7556847,-4974.26749,-4340.924928,633.3425624
505,Y505,Y,Y,G496S,E,505,-4976.56727,-5148.599625,-4680.67925,109.7556847,-4976.56727,-5148.599625,-4680.67925,109.7556847,-4974.26749,-4340.924928,633.3425624
505,Y505,Y,Y,Gamma,E,505,-4959.908325,-5186.708675,-4737.157,115.0262603,-4959.908325,-5186.708675,-4737.157,115.0262603,-4974.26749,-4340.924928,633.3425624
505,Y505,Y,Y,K417N,E,505,-4976.56727,-5148.599625,-4680.67925,109.7556847,-4976.56727,-5148.599625,-4680.67925,109.7556847,-4974.26749,-4340.924928,633.3425624
505,Y505,Y,Y,K417T,E,505,-4976.56727,-5148.599625,-4680.67925,109.7556847,-4976.56727,-5148.599625,-4680.67925,109.7556847,-4974.26749,-4340.924928,633.3425624
505,Y505,Y,Y,Kappa,E,505,-4976.56727,-5148.599625,-4680.67925,109.7556847,-4976.56727,-5148.599625,-4680.67925,109.7556847,-4974.26749,-4340.924928,633.3425624
505,Y505,Y,Y,L452Q,E,505,-4976.56727,-5148.599625,-4680.67925,109.7556847,-4976.56727,-5148.599625,-4680.67925,109.7556847,-4974.26749,-4340.924928,633.3425624
505,Y505,Y,Y,L452R,E,505,-4976.56727,-5148.599625,-4680.67925,109.7556847,-4976.56727,-5148.599625,-4680.67925,109.7556847,-4974.26749,-4340.924928,633.3425624
505,Y505,Y,Y,Lambda,E,505,-4976.56727,-5148.599625,-4680.67925,109.7556847,-4976.56727,-5148.599625,-4680.67925,109.7556847,-4974.26749,-4340.924928,633.3425624
505,Y505,Y,Y,N440K,E,505,-4976.56727,-5148.599625,-4680.67925,109.7556847,-4976.56727,-5148.599625,-4680.67925,109.7556847,-4974.26749,-4340.924928,633.3425624
505,Y505,Y,Y,N501Y,E,505,-4963.696198,-5186.708675,-4778.95425,109.4911888,-4963.696198,-5186.708675,-4778.95425,109.4911888,-4974.26749,-4340.924928,633.3425624
505,Y505,Y,Y,Q493R,E,505,-4976.56727,-5148.599625,-4680.67925,109.7556847,-4976.56727,-5148.599625,-4680.67925,109.7556847,-4974.26749,-4340.924928,633.3425624
505,Y505,Y,Y,Q498R,E,505,-4975.83303,-5148.599625,-4680.67925,109.378639,-4975.83303,-5148.599625,-4680.67925,109.378639,-4974.26749,-4340.924928,633.3425624
505,Y505,Y,Y,R408S,E,505,-4976.56727,-5148.599625,-4680.67925,109.7556847,-4976.56727,-5148.599625,-4680.67925,109.7556847,-4974.26749,-4340.924928,633.3425624
505,Y505,Y,Y,S477N,E,505,-4976.56727,-5148.599625,-4680.67925,109.7556847,-4976.56727,-5148.599625,-4680.67925,109.7556847,-4974.26749,-4340.924928,633.3425624
505,Y505,Y,Y,T478K,E,505,-4976.56727,-5148.599625,-4680.67925,109.7556847,-4976.56727,-5148.599625,-4680.67925,109.7556847,-4974.26749,-4340.924928,633.3425624
505,Y505,Y,Y,WT,E,505,-4976.56727,-5148.599625,-4680.67925,109.7556847,-4976.56727,-5148.599625,-4680.67925,109.7556847,-4974.26749,-4340.924928,633.3425624