site,wildtype,mutation,label_site,mut_delta_closed_Svib,mut_delta_open_Svib,mut_VDS,protein_site,protein_chain,condition,site_median,site_max,site_min,site_var,mut_open_occupancy,mut_closed_occupancy,mut_occupancy_difference,site_open_occ_average,site_delta_open_occ_average
14,Q,F,Q14,-0.001077957,0.349059631,0.350137588,14,B,beta=1,0.207195544,0.350137588,-0.041310189,0.01667979,0.2576,0.7424,-0.4847,0.258133333,-0.000266667
14,Q,C,Q14,-0.013354913,0.298271028,0.311625942,14,B,beta=1,0.207195544,0.350137588,-0.041310189,0.01667979,0.2584,0.7416,-0.4832,0.258133333,-0.000266667
14,Q,H,Q14,-0.00852192,0.33695617,0.345478089,14,B,beta=1,0.207195544,0.350137588,-0.041310189,0.01667979,0.2584,0.7416,-0.4833,0.258133333,-0.000266667
34,R,Y,R34,-0.003954389,0.376159348,0.380113738,34,B,beta=1,0.024705009,0.380113738,-0.048915525,0.012123108,0.2591,0.7409,-0.4818,0.2591,0.0007
61,N,P,N61,-0.045303208,0.279107393,0.324410601,61,B,beta=1,0.008731054,0.324410601,-0.238518126,0.012542705,0.2584,0.7416,-0.4833,0.2584,0
72,G,W,G72,0.024090001,0.42804667,0.403956669,72,B,beta=1,0.117409503,0.403956669,-0.063239423,0.019117771,0.2585,0.7415,-0.483,0.2585,1.00E-04
73,T,F,T73,0.026875172,0.402645386,0.375770213,73,B,beta=1,-0.010748676,0.375770213,-0.096474615,0.017809781,0.2584,0.7416,-0.4831,0.2584,0
111,D,F,D111,0.66008413,0.003734496,-0.656349634,111,B,beta=1,-0.072342685,0.195531516,-0.656349634,0.053654015,0.2478,0.7522,-0.5044,0.2497,-0.0087
111,D,W,D111,0.613650921,0.066185665,-0.547465255,111,B,beta=1,-0.072342685,0.195531516,-0.656349634,0.053654015,0.2516,0.7484,-0.4968,0.2497,-0.0087
161,S,I,S161,-0.028932852,0.362375091,0.391307943,161,B,beta=1,0.173144374,0.39461235,-0.084072715,0.018810908,0.2586,0.7414,-0.4829,0.259666667,0.001266667
161,S,Y,S161,-0.00522419,0.297580119,0.302804309,161,B,beta=1,0.173144374,0.39461235,-0.084072715,0.018810908,0.2598,0.7402,-0.4804,0.259666667,0.001266667
161,S,F,S161,0.002208254,0.396820604,0.39461235,161,B,beta=1,0.173144374,0.39461235,-0.084072715,0.018810908,0.2606,0.7394,-0.4789,0.259666667,0.001266667
230,P,D,P230,0.707440033,0.024188566,-0.683251467,230,B,beta=1,-0.079482815,0.025193839,-0.683251467,0.029775262,0.2452,0.7548,-0.5097,0.24885,-0.00955
230,P,Y,P230,0.617675661,0.070391061,-0.547284601,230,B,beta=1,-0.079482815,0.025193839,-0.683251467,0.029775262,0.2525,0.7475,-0.495,0.24885,-0.00955
231,I,P,I231,0.444974031,-0.121174874,-0.566148905,231,B,beta=1,-0.1911263,0,-0.566148905,0.014391734,0.2562,0.7438,-0.4876,0.2562,-0.0022
232,G,T,G232,0.653527715,0.051423833,-0.602103882,232,B,beta=1,-0.363843967,0.130942425,-0.712636025,0.082080683,0.0135,0.9865,-0.973,0.0516875,-0.2067125
232,G,Q,G232,0.748009846,0.060493392,-0.687516454,232,B,beta=1,-0.363843967,0.130942425,-0.712636025,0.082080683,0.0277,0.9723,-0.9445,0.0516875,-0.2067125
232,G,M,G232,0.695142706,0.086021731,-0.609120975,232,B,beta=1,-0.363843967,0.130942425,-0.712636025,0.082080683,0.0303,0.9697,-0.9393,0.0516875,-0.2067125
232,G,C,G232,0.679322967,0.015309287,-0.66401368,232,B,beta=1,-0.363843967,0.130942425,-0.712636025,0.082080683,0.0307,0.9693,-0.9387,0.0516875,-0.2067125
232,G,P,G232,0.650528177,0.003446689,-0.647081488,232,B,beta=1,-0.363843967,0.130942425,-0.712636025,0.082080683,0.0504,0.9496,-0.8992,0.0516875,-0.2067125
232,G,V,G232,0.64773269,-0.064903335,-0.712636025,232,B,beta=1,-0.363843967,0.130942425,-0.712636025,0.082080683,0.0551,0.9449,-0.8898,0.0516875,-0.2067125
232,G,S,G232,0.763976444,0.07780596,-0.686170484,232,B,beta=1,-0.363843967,0.130942425,-0.712636025,0.082080683,0.09,0.91,-0.8201,0.0516875,-0.2067125
232,G,E,G232,0.774428514,0.067446164,-0.706982349,232,B,beta=1,-0.363843967,0.130942425,-0.712636025,0.082080683,0.1158,0.8842,-0.7684,0.0516875,-0.2067125
252,G,P,G252,0.009063461,0.411598551,0.402535089,252,B,beta=1,0.23964882,0.480552169,-0.09346601,0.040330619,0.2612,0.7388,-0.4776,0.26197,0.00357
252,G,M,G252,0.007038227,0.487590396,0.480552169,252,B,beta=1,0.23964882,0.480552169,-0.09346601,0.040330619,0.2613,0.7387,-0.4773,0.26197,0.00357
252,G,D,G252,0.042333051,0.432257535,0.389924485,252,B,beta=1,0.23964882,0.480552169,-0.09346601,0.040330619,0.2615,0.7385,-0.477,0.26197,0.00357
252,G,C,G252,0.012644049,0.413948523,0.401304473,252,B,beta=1,0.23964882,0.480552169,-0.09346601,0.040330619,0.2616,0.7384,-0.4767,0.26197,0.00357
252,G,T,G252,0.013830179,0.454172201,0.440342022,252,B,beta=1,0.23964882,0.480552169,-0.09346601,0.040330619,0.2616,0.7384,-0.4769,0.26197,0.00357
252,G,S,G252,0.006609707,0.453493404,0.446883697,252,B,beta=1,0.23964882,0.480552169,-0.09346601,0.040330619,0.2616,0.7384,-0.4768,0.26197,0.00357
252,G,E,G252,0.040474336,0.405775789,0.365301453,252,B,beta=1,0.23964882,0.480552169,-0.09346601,0.040330619,0.2622,0.7378,-0.4755,0.26197,0.00357
252,G,H,G252,0.05798177,0.411392288,0.353410518,252,B,beta=1,0.23964882,0.480552169,-0.09346601,0.040330619,0.2627,0.7373,-0.4746,0.26197,0.00357
252,G,W,G252,0.057704353,0.441101967,0.383397613,252,B,beta=1,0.23964882,0.480552169,-0.09346601,0.040330619,0.263,0.737,-0.474,0.26197,0.00357
252,G,Q,G252,0.052978551,0.446630289,0.393651738,252,B,beta=1,0.23964882,0.480552169,-0.09346601,0.040330619,0.263,0.737,-0.4741,0.26197,0.00357
355,R,W,R355,0.341564077,-0.199337508,-0.540901586,355,B,beta=1,-0.222509301,0.003333233,-0.697337023,0.036034759,0.2565,0.7435,-0.487,0.2577,-0.0007
355,R,Y,R355,0.412458112,-0.219781524,-0.632239636,355,B,beta=1,-0.222509301,0.003333233,-0.697337023,0.036034759,0.2577,0.7423,-0.4846,0.2577,-0.0007
355,R,F,R355,0.588385351,-0.108951673,-0.697337023,355,B,beta=1,-0.222509301,0.003333233,-0.697337023,0.036034759,0.2589,0.7411,-0.4822,0.2577,-0.0007
368,L,P,L368,-0.3846231,-0.053146066,0.331477034,368,B,beta=1,0.089842798,0.383101681,-0.347078701,0.041478739,0.2383,0.7617,-0.5234,0.242533333,-0.015866667
368,L,A,L368,-0.377590517,0.005511164,0.383101681,368,B,beta=1,0.089842798,0.383101681,-0.347078701,0.041478739,0.2395,0.7605,-0.5209,0.242533333,-0.015866667
368,L,C,L368,-0.395931201,-0.037657939,0.358273262,368,B,beta=1,0.089842798,0.383101681,-0.347078701,0.041478739,0.2417,0.7583,-0.5165,0.242533333,-0.015866667
368,L,S,L368,-0.385626217,-0.049021827,0.33660439,368,B,beta=1,0.089842798,0.383101681,-0.347078701,0.041478739,0.2434,0.7566,-0.5133,0.242533333,-0.015866667
368,L,G,L368,-0.374981198,-0.044752015,0.330229183,368,B,beta=1,0.089842798,0.383101681,-0.347078701,0.041478739,0.2458,0.7542,-0.5084,0.242533333,-0.015866667
368,L,N,L368,-0.372022462,-0.032933959,0.339088503,368,B,beta=1,0.089842798,0.383101681,-0.347078701,0.041478739,0.2465,0.7535,-0.507,0.242533333,-0.015866667
369,Y,E,Y369,-0.573577799,-0.072970322,0.500607478,369,B,beta=1,0.106947841,0.500607478,-0.153384539,0.02949062,0.2374,0.7626,-0.5251,0.247266667,-0.011133333
369,Y,V,Y369,-0.469535905,-0.087355048,0.382180857,369,B,beta=1,0.106947841,0.500607478,-0.153384539,0.02949062,0.2471,0.7529,-0.5058,0.247266667,-0.011133333
369,Y,N,Y369,-0.483866361,-0.105233534,0.378632827,369,B,beta=1,0.106947841,0.500607478,-0.153384539,0.02949062,0.2573,0.7427,-0.4854,0.247266667,-0.011133333
394,N,K,N394,0.535431503,0.011447638,-0.523983865,394,B,beta=1,-0.203345352,0,-0.523983865,0.014925601,0.2159,0.7841,-0.5683,0.2159,-0.0425
403,R,P,R403,-0.191243137,0.116480042,0.307723178,403,B,beta=1,0.176739793,0.330653283,0,0.008219757,0.2172,0.7828,-0.5657,0.234433333,-0.023966667
403,R,N,R403,-0.16038684,0.170266443,0.330653283,403,B,beta=1,0.176739793,0.330653283,0,0.008219757,0.2182,0.7818,-0.5636,0.234433333,-0.023966667
403,R,S,R403,-0.118751436,0.204637246,0.323388683,403,B,beta=1,0.176739793,0.330653283,0,0.008219757,0.2679,0.7321,-0.4641,0.234433333,-0.023966667
404,G,N,G404,-0.358936851,0.052536977,0.411473828,404,B,beta=1,0.186041584,0.413865499,0,0.018032928,0.2154,0.7846,-0.5691,0.23275,-0.02565
404,G,H,G404,-0.125308376,0.216129123,0.341437499,404,B,beta=1,0.186041584,0.413865499,0,0.018032928,0.2232,0.7768,-0.5536,0.23275,-0.02565
404,G,Y,G404,-0.136909597,0.276955902,0.413865499,404,B,beta=1,0.186041584,0.413865499,0,0.018032928,0.2294,0.7706,-0.5412,0.23275,-0.02565
404,G,W,G404,-0.059638636,0.32784502,0.387483656,404,B,beta=1,0.186041584,0.413865499,0,0.018032928,0.263,0.737,-0.474,0.23275,-0.02565
409,Q,A,Q409,-0.36468246,0.037860754,0.402543215,409,B,beta=1,0.053465544,0.402543215,-0.032069029,0.008058207,0.2572,0.7428,-0.4856,0.2572,-0.0012
413,G,M,G413,0.547154726,0.026141692,-0.521013034,413,B,beta=1,-0.141044097,0.022458248,-0.521013034,0.036353835,0.2615,0.7385,-0.4771,0.2615,0.0031
416,G,N,G416,-0.167499023,0.138873156,0.306372179,416,B,beta=1,0.189835411,0.402535625,-0.032034522,0.014792312,0.2532,0.7468,-0.4936,0.273525,0.015125
416,G,S,G416,-0.248014131,0.082524048,0.330538179,416,B,beta=1,0.189835411,0.402535625,-0.032034522,0.014792312,0.255,0.745,-0.4899,0.273525,0.015125
416,G,Y,G416,-0.081395616,0.321140009,0.402535625,416,B,beta=1,0.189835411,0.402535625,-0.032034522,0.014792312,0.2848,0.7152,-0.4304,0.273525,0.015125
416,G,E,G416,-0.072335096,0.241839419,0.314174515,416,B,beta=1,0.189835411,0.402535625,-0.032034522,0.014792312,0.3011,0.6989,-0.3978,0.273525,0.015125
417,K,M,K417,-0.275164632,0.035302634,0.310467266,417,B,beta=1,0.224061138,0.518040609,0,0.027589251,0.2547,0.7453,-0.4907,0.259014286,0.000614286
417,K,C,K417,-0.474121682,0.025510459,0.499632141,417,B,beta=1,0.224061138,0.518040609,0,0.027589251,0.2573,0.7427,-0.4855,0.259014286,0.000614286
417,K,I,K417,-0.434195078,0.032697245,0.466892323,417,B,beta=1,0.224061138,0.518040609,0,0.027589251,0.2581,0.7419,-0.4839,0.259014286,0.000614286
417,K,E,K417,-0.473753565,0.020705437,0.494459003,417,B,beta=1,0.224061138,0.518040609,0,0.027589251,0.2597,0.7403,-0.4806,0.259014286,0.000614286
417,K,P,K417,-0.523312987,-0.021227752,0.502085235,417,B,beta=1,0.224061138,0.518040609,0,0.027589251,0.2604,0.7396,-0.4793,0.259014286,0.000614286
417,K,D,K417,-0.493854118,0.02418649,0.518040609,417,B,beta=1,0.224061138,0.518040609,0,0.027589251,0.2611,0.7389,-0.4777,0.259014286,0.000614286
417,K,G,K417,-0.348830604,-0.034031933,0.314798672,417,B,beta=1,0.224061138,0.518040609,0,0.027589251,0.2618,0.7382,-0.4764,0.259014286,0.000614286
421,Y,G,Y421,-0.40438984,0.050945047,0.455334887,421,B,beta=1,0.061739955,0.455334887,-0.235345695,0.018770348,0.1455,0.8545,-0.709,0.1455,-0.1129
464,F,L,F464,0.372100522,-0.202939153,-0.575039675,464,B,beta=1,-0.353534524,0.023696435,-0.575039675,0.019248268,0.2503,0.7497,-0.4994,0.2503,-0.0081
465,E,S,E465,-0.34374276,-0.008112436,0.335630324,465,B,beta=1,0.206040861,0.390509448,-0.18851503,0.021102087,0.2305,0.7695,-0.539,0.24284,-0.01556
465,E,A,E465,-0.312284699,0.04776325,0.360047949,465,B,beta=1,0.206040861,0.390509448,-0.18851503,0.021102087,0.2369,0.7631,-0.5261,0.24284,-0.01556
465,E,Y,E465,-0.068585247,0.321924201,0.390509448,465,B,beta=1,0.206040861,0.390509448,-0.18851503,0.021102087,0.248,0.752,-0.504,0.24284,-0.01556
465,E,K,E465,-0.146907589,0.175229456,0.322137044,465,B,beta=1,0.206040861,0.390509448,-0.18851503,0.021102087,0.249,0.751,-0.5021,0.24284,-0.01556
465,E,W,E465,-0.029324653,0.331921322,0.361245975,465,B,beta=1,0.206040861,0.390509448,-0.18851503,0.021102087,0.2498,0.7502,-0.5005,0.24284,-0.01556
467,D,P,D467,-0.004066347,0.303513481,0.307579828,467,B,beta=1,0.176262461,0.431260008,-0.095238209,0.020171167,0.2595,0.7405,-0.4809,0.261466667,0.003066667
467,D,Y,D467,0.044626402,0.443130155,0.398503754,467,B,beta=1,0.176262461,0.431260008,-0.095238209,0.020171167,0.2611,0.7389,-0.4779,0.261466667,0.003066667
467,D,W,D467,0.03143529,0.462695298,0.431260008,467,B,beta=1,0.176262461,0.431260008,-0.095238209,0.020171167,0.2638,0.7362,-0.4724,0.261466667,0.003066667
468,I,T,I468,-0.287525067,0.06277242,0.350297487,468,B,beta=1,0.101423493,0.350297487,-0.114371853,0.017901781,0.2591,0.7409,-0.4819,0.2591,0.0007
469,S,W,S469,0.676729442,0.153470712,-0.523258731,469,B,beta=1,0.006395729,0.234843655,-0.523258731,0.018071318,0.2399,0.7601,-0.5201,0.2399,-0.0185
486,F,M,F486,-0.284334123,0.025712776,0.310046899,486,B,beta=1,0.186056507,0.310046899,-0.111860178,0.011106403,0.2566,0.7434,-0.4868,0.2566,-0.0018
489,Y,M,Y489,-0.223339707,0.198658945,0.421998652,489,B,beta=1,-0.046573262,0.421998652,-0.220817805,0.017725666,0.2517,0.7483,-0.4966,0.2517,-0.0067
491,P,H,P491,-0.050637495,0.323307483,0.373944978,491,B,beta=1,-0.021292745,0.373944978,-0.212064982,0.013508906,0.258,0.742,-0.4839,0.258,-0.0004
501,N,Y,N501,-0.015941584,0.237254703,0.253196287,501,B,beta=1,0.095901209,0.372309684,0,0.007268736,0.4571,0.5429,-0.0857,0.5421,0.2837
501,N,W,N501,0.230156713,0.602466396,0.372309684,501,B,beta=1,0.095901209,0.372309684,0,0.007268736,0.6271,0.3729,0.2541,0.5421,0.2837
503,V,D,V503,0.004779073,0.307580996,0.302801923,503,B,beta=1,0.106912003,0.302801923,-0.127919043,0.013281087,0.2261,0.7739,-0.5477,0.2261,-0.0323
504,G,I,G504,-0.032750803,0.315936768,0.348687571,504,B,beta=1,0.124609847,0.348687571,-0.004985935,0.00835699,0.4049,0.5951,-0.1902,0.4049,0.1465